t,x,y,z,qx,qy,qz,qw,J1,J2,J3,J4,J5,J6,J7,gripper,door_deg_fixed_hinge,radius_cm,arm_state
0.08,0.2101,0.0175,0.5504,0.4950,0.5004,0.5008,0.5039,8.32,-64.98,178.94,-138.82,-28.72,-17.98,116.73,0.803,58.25,53.91,SERVOING_READY
0.21,0.2101,0.0175,0.5504,0.4950,0.5004,0.5008,0.5039,8.32,-64.98,178.94,-138.82,-28.72,-17.98,116.73,0.803,58.25,53.91,SERVOING_READY
0.33,0.2101,0.0175,0.5504,0.4950,0.5004,0.5008,0.5039,8.32,-64.98,178.94,-138.82,-28.72,-17.98,116.73,0.803,58.25,53.91,SERVOING_READY
0.46,0.2101,0.0175,0.5504,0.4950,0.5004,0.5008,0.5039,8.32,-64.98,178.94,-138.82,-28.72,-17.98,116.73,0.803,58.25,53.91,SERVOING_READY
0.56,0.2101,0.0175,0.5504,0.4950,0.5004,0.5008,0.5039,8.32,-64.98,178.94,-138.82,-28.72,-17.98,116.73,0.803,58.25,53.91,SERVOING_READY
0.68,0.2101,0.0175,0.5504,0.4950,0.5004,0.5008,0.5039,8.32,-64.98,178.94,-138.82,-28.72,-17.98,116.73,0.803,58.25,53.91,SERVOING_READY
0.81,0.2101,0.0175,0.5504,0.4950,0.5004,0.5008,0.5039,8.32,-64.98,178.94,-138.82,-28.72,-17.98,116.73,0.803,58.25,53.91,SERVOING_READY
0.93,0.2101,0.0175,0.5504,0.4950,0.5004,0.5008,0.5039,8.32,-64.98,178.94,-138.82,-28.72,-17.98,116.73,0.803,58.25,53.91,SERVOING_READY
1.06,0.2101,0.0175,0.5504,0.4950,0.5004,0.5008,0.5039,8.32,-64.98,178.94,-138.82,-28.72,-17.98,116.73,0.803,58.25,53.91,SERVOING_READY
1.16,0.2101,0.0175,0.5504,0.4950,0.5004,0.5008,0.5039,8.32,-64.98,178.94,-138.82,-28.72,-17.98,116.73,0.803,58.25,53.91,SERVOING_READY
1.28,0.2101,0.0175,0.5504,0.4950,0.5004,0.5008,0.5039,8.32,-64.98,178.94,-138.82,-28.72,-17.98,116.73,0.803,58.25,53.91,SERVOING_READY
1.41,0.2101,0.0175,0.5504,0.4950,0.5004,0.5008,0.5039,8.32,-64.98,178.94,-138.82,-28.72,-17.98,116.73,0.803,58.25,53.91,SERVOING_READY
1.53,0.2101,0.0175,0.5504,0.4950,0.5004,0.5008,0.5039,8.32,-64.98,178.94,-138.82,-28.72,-17.98,116.73,0.803,58.25,53.91,SERVOING_READY
1.66,0.2101,0.0175,0.5504,0.4950,0.5004,0.5008,0.5039,8.32,-64.98,178.94,-138.82,-28.72,-17.98,116.73,0.803,58.25,53.91,SERVOING_READY
1.78,0.2101,0.0175,0.5504,0.4950,0.5004,0.5008,0.5039,8.32,-64.98,178.94,-138.82,-28.72,-17.98,116.73,0.803,58.25,53.91,SERVOING_READY
1.89,0.2101,0.0175,0.5504,0.4950,0.5004,0.5008,0.5039,8.32,-64.98,178.94,-138.82,-28.72,-17.98,116.73,0.803,58.25,53.91,SERVOING_READY
2.01,0.2101,0.0175,0.5504,0.4950,0.5004,0.5008,0.5039,8.32,-64.98,178.94,-138.82,-28.72,-17.98,116.73,0.803,58.25,53.91,SERVOING_READY
2.13,0.2101,0.0175,0.5504,0.4950,0.5004,0.5008,0.5039,8.32,-64.98,178.94,-138.82,-28.72,-17.98,116.73,0.803,58.25,53.91,SERVOING_READY
2.26,0.2101,0.0175,0.5504,0.4950,0.5004,0.5008,0.5039,8.32,-64.98,178.94,-138.82,-28.72,-17.98,116.73,0.803,58.25,53.91,SERVOING_READY
2.38,0.2101,0.0175,0.5504,0.4950,0.5004,0.5008,0.5039,8.32,-64.98,178.94,-138.82,-28.72,-17.98,116.73,0.803,58.25,53.91,SERVOING_READY
2.51,0.2101,0.0175,0.5504,0.4950,0.5004,0.5008,0.5039,8.32,-64.98,178.94,-138.82,-28.72,-17.98,116.73,0.803,58.25,53.91,SERVOING_READY
2.61,0.2101,0.0175,0.5504,0.4950,0.5004,0.5008,0.5039,8.32,-64.98,178.94,-138.82,-28.72,-17.98,116.73,0.803,58.25,53.91,SERVOING_READY
2.73,0.2101,0.0175,0.5504,0.4950,0.5004,0.5008,0.5039,8.32,-64.98,178.94,-138.82,-28.72,-17.98,116.73,0.803,58.25,53.91,SERVOING_READY
2.86,0.2101,0.0175,0.5504,0.4950,0.5004,0.5008,0.5039,8.32,-64.98,178.94,-138.82,-28.72,-17.98,116.73,0.803,58.25,53.91,SERVOING_READY
2.98,0.2101,0.0175,0.5504,0.4950,0.5004,0.5008,0.5039,8.32,-64.98,178.94,-138.82,-28.72,-17.98,116.73,0.803,58.25,53.91,SERVOING_READY
3.11,0.2101,0.0175,0.5504,0.4950,0.5004,0.5008,0.5039,8.32,-64.98,178.94,-138.82,-28.72,-17.98,116.73,0.803,58.25,53.91,SERVOING_READY
3.23,0.2101,0.0175,0.5504,0.4950,0.5004,0.5008,0.5039,8.32,-64.98,178.94,-138.82,-28.72,-17.98,116.73,0.803,58.25,53.91,SERVOING_READY
3.34,0.2101,0.0175,0.5504,0.4950,0.5004,0.5008,0.5039,8.32,-64.98,178.94,-138.82,-28.72,-17.98,116.73,0.803,58.25,53.91,SERVOING_READY
3.46,0.2101,0.0175,0.5504,0.4950,0.5004,0.5008,0.5039,8.32,-64.98,178.94,-138.82,-28.72,-17.98,116.73,0.803,58.25,53.91,SERVOING_READY
3.58,0.2101,0.0175,0.5504,0.4950,0.5004,0.5008,0.5039,8.32,-64.98,178.94,-138.82,-28.72,-17.98,116.73,0.803,58.25,53.91,SERVOING_READY
3.71,0.2101,0.0175,0.5504,0.4950,0.5004,0.5008,0.5039,8.32,-64.98,178.94,-138.82,-28.72,-17.98,116.73,0.803,58.25,53.91,SERVOING_READY
3.83,0.2101,0.0175,0.5504,0.4950,0.5004,0.5008,0.5039,8.32,-64.98,178.94,-138.82,-28.72,-17.98,116.73,0.803,58.25,53.91,SERVOING_READY
3.96,0.2101,0.0175,0.5504,0.4950,0.5004,0.5008,0.5039,8.32,-64.98,178.94,-138.82,-28.72,-17.98,116.73,0.803,58.25,53.91,SERVOING_READY
4.06,0.2101,0.0175,0.5504,0.4950,0.5004,0.5008,0.5039,8.32,-64.98,178.94,-138.82,-28.72,-17.98,116.73,0.803,58.25,53.91,SERVOING_READY
4.18,0.2101,0.0175,0.5504,0.4950,0.5004,0.5008,0.5039,8.32,-64.98,178.94,-138.82,-28.72,-17.98,116.73,0.803,58.25,53.91,SERVOING_READY
4.31,0.2101,0.0175,0.5504,0.4950,0.5004,0.5008,0.5039,8.32,-64.98,178.94,-138.82,-28.72,-17.98,116.73,0.803,58.25,53.91,SERVOING_READY
4.43,0.2101,0.0175,0.5504,0.4950,0.5004,0.5008,0.5039,8.32,-64.98,178.94,-138.82,-28.72,-17.98,116.73,0.803,58.25,53.91,SERVOING_READY
4.56,0.2101,0.0175,0.5504,0.4950,0.5004,0.5008,0.5039,8.32,-64.98,178.94,-138.82,-28.72,-17.98,116.73,0.803,58.25,53.91,SERVOING_READY
4.66,0.2101,0.0175,0.5504,0.4950,0.5004,0.5008,0.5039,8.32,-64.98,178.94,-138.82,-28.72,-17.98,116.73,0.803,58.25,53.91,SERVOING_READY
4.78,0.2101,0.0175,0.5504,0.4950,0.5004,0.5008,0.5039,8.32,-64.98,178.94,-138.82,-28.72,-17.98,116.73,0.803,58.25,53.91,SERVOING_READY
4.91,0.2101,0.0175,0.5504,0.4950,0.5004,0.5008,0.5039,8.32,-64.98,178.94,-138.82,-28.72,-17.98,116.73,0.803,58.25,53.91,SERVOING_READY
5.03,0.2101,0.0175,0.5504,0.4950,0.5004,0.5008,0.5039,8.32,-64.98,178.94,-138.82,-28.72,-17.98,116.73,0.803,58.25,53.91,SERVOING_READY
5.16,0.2101,0.0175,0.5504,0.4950,0.5004,0.5008,0.5039,8.32,-64.98,178.94,-138.82,-28.72,-17.98,116.73,0.803,58.25,53.91,SERVOING_READY
5.28,0.2101,0.0175,0.5504,0.4950,0.5004,0.5008,0.5039,8.32,-64.98,178.94,-138.82,-28.72,-17.98,116.73,0.803,58.25,53.91,SERVOING_READY
5.39,0.2101,0.0175,0.5504,0.4950,0.5004,0.5008,0.5039,8.32,-64.98,178.94,-138.82,-28.72,-17.98,116.73,0.803,58.25,53.91,SERVOING_READY
5.51,0.2101,0.0175,0.5504,0.4950,0.5004,0.5008,0.5039,8.32,-64.98,178.94,-138.82,-28.72,-17.98,116.73,0.803,58.25,53.91,SERVOING_READY
5.63,0.2101,0.0175,0.5504,0.4950,0.5004,0.5008,0.5039,8.32,-64.98,178.94,-138.82,-28.72,-17.98,116.73,0.803,58.25,53.91,SERVOING_READY
5.76,0.2101,0.0175,0.5504,0.4950,0.5004,0.5008,0.5039,8.32,-64.98,178.94,-138.82,-28.72,-17.98,116.73,0.803,58.25,53.91,SERVOING_READY
5.88,0.2101,0.0175,0.5504,0.4950,0.5004,0.5008,0.5039,8.32,-64.98,178.94,-138.82,-28.72,-17.98,116.73,0.803,58.25,53.91,SERVOING_READY
6.01,0.2101,0.0175,0.5504,0.4950,0.5004,0.5008,0.5039,8.32,-64.98,178.94,-138.82,-28.72,-17.98,116.73,0.803,58.25,53.91,SERVOING_READY
6.11,0.2101,0.0175,0.5504,0.4950,0.5004,0.5008,0.5039,8.32,-64.98,178.94,-138.82,-28.72,-17.98,116.73,0.803,58.25,53.91,SERVOING_READY
6.23,0.2101,0.0175,0.5504,0.4950,0.5004,0.5008,0.5039,8.32,-64.98,178.94,-138.82,-28.72,-17.98,116.73,0.803,58.25,53.91,SERVOING_READY
6.36,0.2101,0.0175,0.5504,0.4950,0.5004,0.5008,0.5039,8.32,-64.98,178.94,-138.82,-28.72,-17.98,116.73,0.803,58.25,53.91,SERVOING_READY
6.48,0.2101,0.0175,0.5504,0.4950,0.5004,0.5008,0.5039,8.32,-64.98,178.94,-138.82,-28.72,-17.98,116.73,0.803,58.25,53.91,SERVOING_READY
6.61,0.2101,0.0175,0.5504,0.4950,0.5004,0.5008,0.5039,8.32,-64.98,178.94,-138.82,-28.72,-17.98,116.73,0.803,58.25,53.91,SERVOING_READY
6.73,0.2101,0.0175,0.5504,0.4950,0.5004,0.5008,0.5039,8.32,-64.98,178.94,-138.82,-28.72,-17.98,116.73,0.803,58.25,53.91,SERVOING_READY
6.84,0.2101,0.0175,0.5504,0.4950,0.5004,0.5008,0.5039,8.32,-64.98,178.94,-138.82,-28.72,-17.98,116.73,0.803,58.25,53.91,SERVOING_READY
6.96,0.2101,0.0175,0.5504,0.4950,0.5004,0.5008,0.5039,8.32,-64.98,178.94,-138.82,-28.72,-17.98,116.73,0.803,58.25,53.91,SERVOING_READY
7.08,0.2101,0.0175,0.5504,0.4950,0.5004,0.5008,0.5039,8.32,-64.98,178.94,-138.82,-28.72,-17.98,116.73,0.803,58.25,53.91,SERVOING_READY
7.21,0.2101,0.0175,0.5504,0.4950,0.5004,0.5008,0.5039,8.32,-64.98,178.94,-138.82,-28.72,-17.98,116.73,0.803,58.25,53.91,SERVOING_READY
7.33,0.2101,0.0175,0.5504,0.4950,0.5004,0.5008,0.5039,8.32,-64.98,178.94,-138.82,-28.72,-17.98,116.73,0.803,58.25,53.91,SERVOING_READY
7.46,0.2101,0.0175,0.5504,0.4950,0.5004,0.5008,0.5039,8.32,-64.98,178.94,-138.82,-28.72,-17.98,116.73,0.803,58.25,53.91,SERVOING_READY
7.56,0.2101,0.0175,0.5504,0.4950,0.5004,0.5008,0.5039,8.32,-64.98,178.94,-138.82,-28.72,-17.98,116.73,0.803,58.25,53.91,SERVOING_READY
7.68,0.2101,0.0175,0.5504,0.4950,0.5004,0.5008,0.5039,8.32,-64.98,178.94,-138.82,-28.72,-17.98,116.73,0.803,58.25,53.91,SERVOING_READY
7.81,0.2101,0.0175,0.5504,0.4950,0.5004,0.5008,0.5039,8.32,-64.98,178.94,-138.82,-28.72,-17.98,116.73,0.803,58.25,53.91,SERVOING_READY
7.93,0.2101,0.0175,0.5504,0.4950,0.5004,0.5008,0.5039,8.32,-64.98,178.94,-138.82,-28.72,-17.98,116.73,0.803,58.25,53.91,SERVOING_READY
8.06,0.2101,0.0175,0.5504,0.4950,0.5004,0.5008,0.5039,8.32,-64.98,178.94,-138.82,-28.72,-17.98,116.73,0.803,58.25,53.91,SERVOING_READY
8.16,0.2101,0.0175,0.5504,0.4950,0.5004,0.5008,0.5039,8.32,-64.98,178.94,-138.82,-28.72,-17.98,116.73,0.803,58.25,53.91,SERVOING_READY
8.28,0.2101,0.0175,0.5504,0.4950,0.5004,0.5008,0.5039,8.32,-64.98,178.94,-138.82,-28.72,-17.98,116.73,0.803,58.25,53.91,SERVOING_READY
8.41,0.2101,0.0175,0.5504,0.4950,0.5004,0.5008,0.5039,8.32,-64.98,178.94,-138.82,-28.72,-17.98,116.73,0.803,58.25,53.91,SERVOING_READY
8.53,0.2101,0.0175,0.5504,0.4950,0.5004,0.5008,0.5039,8.32,-64.98,178.94,-138.82,-28.72,-17.98,116.73,0.803,58.25,53.91,SERVOING_READY
8.66,0.2101,0.0175,0.5504,0.4950,0.5004,0.5008,0.5039,8.32,-64.98,178.94,-138.82,-28.72,-17.98,116.73,0.803,58.25,53.91,SERVOING_READY
8.78,0.2101,0.0175,0.5504,0.4950,0.5004,0.5008,0.5039,8.32,-64.98,178.94,-138.82,-28.72,-17.98,116.73,0.803,58.25,53.91,SERVOING_READY
8.89,0.2101,0.0175,0.5504,0.4950,0.5004,0.5008,0.5039,8.32,-64.98,178.94,-138.82,-28.72,-17.98,116.73,0.803,58.25,53.91,SERVOING_READY
9.01,0.2101,0.0175,0.5504,0.4950,0.5004,0.5008,0.5039,8.32,-64.98,178.94,-138.82,-28.72,-17.98,116.73,0.803,58.25,53.91,SERVOING_READY
9.13,0.2101,0.0175,0.5504,0.4950,0.5004,0.5008,0.5039,8.32,-64.98,178.94,-138.82,-28.72,-17.98,116.73,0.803,58.25,53.91,SERVOING_READY
9.26,0.2101,0.0175,0.5504,0.4950,0.5004,0.5008,0.5039,8.32,-64.98,178.94,-138.82,-28.72,-17.98,116.73,0.803,58.25,53.91,SERVOING_READY
9.38,0.2101,0.0175,0.5504,0.4950,0.5004,0.5008,0.5039,8.32,-64.98,178.94,-138.82,-28.72,-17.98,116.73,0.803,58.25,53.91,SERVOING_READY
9.51,0.2101,0.0175,0.5504,0.4950,0.5004,0.5008,0.5039,8.32,-64.98,178.94,-138.82,-28.72,-17.98,116.73,0.803,58.25,53.91,SERVOING_READY
9.61,0.2101,0.0175,0.5504,0.4950,0.5004,0.5008,0.5039,8.32,-64.98,178.94,-138.82,-28.72,-17.98,116.73,0.803,58.25,53.91,SERVOING_READY
9.73,0.2101,0.0175,0.5504,0.4950,0.5004,0.5008,0.5039,8.32,-64.98,178.94,-138.82,-28.72,-17.98,116.73,0.803,58.25,53.91,SERVOING_READY
9.86,0.2101,0.0175,0.5504,0.4950,0.5004,0.5008,0.5039,8.32,-64.98,178.94,-138.82,-28.72,-17.98,116.73,0.803,58.25,53.91,SERVOING_READY
9.98,0.2101,0.0175,0.5504,0.4950,0.5004,0.5008,0.5039,8.32,-64.98,178.94,-138.82,-28.72,-17.98,116.73,0.803,58.25,53.91,SERVOING_READY
10.11,0.2101,0.0175,0.5504,0.4950,0.5004,0.5008,0.5039,8.32,-64.98,178.94,-138.82,-28.72,-17.98,116.73,0.803,58.25,53.91,SERVOING_READY
10.23,0.2101,0.0175,0.5504,0.4950,0.5004,0.5008,0.5039,8.32,-64.98,178.94,-138.82,-28.72,-17.98,116.73,0.803,58.25,53.91,SERVOING_READY
10.34,0.2101,0.0175,0.5504,0.4950,0.5004,0.5008,0.5039,8.32,-64.98,178.94,-138.82,-28.72,-17.98,116.73,0.803,58.25,53.91,SERVOING_READY
10.70,0.2101,0.0175,0.5504,0.4949,0.5005,0.5006,0.5040,8.32,-64.98,178.94,-138.82,-28.70,-17.98,116.75,0.803,58.25,53.91,SERVOING_MANUALLY_CONTROLLED
10.81,0.2101,0.0175,0.5504,0.4816,0.5133,0.4873,0.5169,7.91,-64.97,178.78,-138.82,-27.28,-17.75,118.27,0.803,58.26,53.91,SERVOING_MANUALLY_CONTROLLED
10.93,0.2101,0.0176,0.5503,0.4765,0.5181,0.4821,0.5216,7.75,-64.96,178.72,-138.82,-26.74,-17.67,118.84,0.803,58.26,53.90,SERVOING_MANUALLY_CONTROLLED
11.06,0.2101,0.0176,0.5504,0.4708,0.5232,0.4764,0.5269,7.59,-64.96,178.66,-138.82,-26.15,-17.57,119.47,0.803,58.26,53.90,SERVOING_MANUALLY_CONTROLLED
11.18,0.2101,0.0176,0.5503,0.4651,0.5284,0.4707,0.5320,7.42,-64.96,178.60,-138.82,-25.55,-17.49,120.09,0.803,58.26,53.90,SERVOING_MANUALLY_CONTROLLED
11.31,0.2101,0.0176,0.5503,0.4593,0.5334,0.4648,0.5371,7.26,-64.95,178.53,-138.82,-24.96,-17.41,120.72,0.803,58.26,53.90,SERVOING_MANUALLY_CONTROLLED
11.41,0.2101,0.0176,0.5503,0.4534,0.5384,0.4589,0.5422,7.10,-64.94,178.47,-138.81,-24.37,-17.32,121.35,0.803,58.26,53.90,SERVOING_MANUALLY_CONTROLLED
11.53,0.2101,0.0176,0.5504,0.4485,0.5425,0.4540,0.5463,6.97,-64.94,178.42,-138.80,-23.87,-17.26,121.87,0.803,58.26,53.90,SERVOING_MANUALLY_CONTROLLED
11.66,0.2101,0.0176,0.5504,0.4428,0.5472,0.4482,0.5511,6.82,-64.93,178.36,-138.80,-23.30,-17.18,122.47,0.803,58.26,53.90,SERVOING_MANUALLY_CONTROLLED
11.78,0.2101,0.0176,0.5503,0.4367,0.5520,0.4421,0.5559,6.66,-64.92,178.30,-138.80,-22.69,-17.11,123.10,0.803,58.26,53.90,SERVOING_MANUALLY_CONTROLLED
11.92,0.2101,0.0176,0.5503,0.4307,0.5567,0.4361,0.5607,6.51,-64.92,178.25,-138.80,-22.10,-17.04,123.72,0.803,58.26,53.90,SERVOING_MANUALLY_CONTROLLED
12.03,0.2101,0.0176,0.5503,0.4243,0.5616,0.4296,0.5657,6.34,-64.91,178.18,-138.80,-21.46,-16.96,124.38,0.803,58.26,53.90,SERVOING_MANUALLY_CONTROLLED
12.14,0.2101,0.0176,0.5503,0.4185,0.5660,0.4238,0.5700,6.19,-64.91,178.12,-138.80,-20.90,-16.90,124.97,0.803,58.26,53.90,SERVOING_MANUALLY_CONTROLLED
12.26,0.2101,0.0176,0.5503,0.4134,0.5698,0.4185,0.5739,6.07,-64.90,178.08,-138.80,-20.40,-16.85,125.49,0.803,58.26,53.90,SERVOING_MANUALLY_CONTROLLED
12.38,0.2101,0.0176,0.5503,0.4073,0.5742,0.4124,0.5783,5.92,-64.90,178.02,-138.80,-19.81,-16.79,126.09,0.803,58.26,53.90,SERVOING_MANUALLY_CONTROLLED
12.51,0.2101,0.0176,0.5503,0.4010,0.5785,0.4061,0.5827,5.77,-64.89,177.96,-138.80,-19.22,-16.73,126.71,0.803,58.26,53.90,SERVOING_MANUALLY_CONTROLLED
12.63,0.2101,0.0176,0.5503,0.3947,0.5829,0.3997,0.5871,5.62,-64.88,177.91,-138.80,-18.61,-16.67,127.33,0.803,58.26,53.90,SERVOING_MANUALLY_CONTROLLED
12.74,0.2101,0.0176,0.5503,0.3883,0.5871,0.3933,0.5914,5.48,-64.87,177.85,-138.79,-18.02,-16.61,127.95,0.803,58.26,53.90,SERVOING_MANUALLY_CONTROLLED
12.86,0.2101,0.0176,0.5503,0.3829,0.5906,0.3879,0.5950,5.36,-64.87,177.80,-138.78,-17.51,-16.56,128.47,0.803,58.26,53.90,SERVOING_MANUALLY_CONTROLLED
12.98,0.2101,0.0176,0.5503,0.3767,0.5946,0.3816,0.5991,5.22,-64.87,177.75,-138.78,-16.92,-16.51,129.08,0.803,58.26,53.90,SERVOING_MANUALLY_CONTROLLED
13.11,0.2101,0.0176,0.5503,0.3702,0.5987,0.3750,0.6032,5.07,-64.85,177.69,-138.78,-16.32,-16.46,129.70,0.803,58.25,53.90,SERVOING_MANUALLY_CONTROLLED
13.23,0.2101,0.0176,0.5503,0.3637,0.6027,0.3684,0.6072,4.92,-64.85,177.64,-138.78,-15.72,-16.41,130.31,0.803,58.26,53.90,SERVOING_MANUALLY_CONTROLLED
13.36,0.2101,0.0176,0.5502,0.3571,0.6067,0.3618,0.6112,4.78,-64.85,177.58,-138.78,-15.11,-16.37,130.94,0.803,58.26,53.90,SERVOING_MANUALLY_CONTROLLED
13.46,0.2101,0.0176,0.5502,0.3504,0.6106,0.3551,0.6151,4.64,-64.83,177.52,-138.78,-14.51,-16.32,131.56,0.803,58.26,53.90,SERVOING_MANUALLY_CONTROLLED
13.58,0.2101,0.0176,0.5502,0.3448,0.6137,0.3494,0.6184,4.52,-64.83,177.48,-138.78,-14.00,-16.29,132.08,0.803,58.26,53.90,SERVOING_MANUALLY_CONTROLLED
13.71,0.2101,0.0176,0.5502,0.3384,0.6173,0.3430,0.6219,4.38,-64.83,177.43,-138.78,-13.42,-16.25,132.67,0.803,58.26,53.90,SERVOING_MANUALLY_CONTROLLED
13.83,0.2101,0.0176,0.5502,0.3316,0.6210,0.3361,0.6257,4.24,-64.82,177.37,-138.78,-12.81,-16.21,133.29,0.803,58.26,53.90,SERVOING_MANUALLY_CONTROLLED
13.96,0.2101,0.0176,0.5502,0.3248,0.6245,0.3293,0.6293,4.10,-64.81,177.32,-138.78,-12.21,-16.17,133.91,0.803,58.26,53.90,SERVOING_MANUALLY_CONTROLLED
14.08,0.2101,0.0176,0.5502,0.3180,0.6281,0.3224,0.6328,3.96,-64.80,177.26,-138.78,-11.61,-16.14,134.53,0.803,58.26,53.90,SERVOING_MANUALLY_CONTROLLED
14.19,0.2102,0.0176,0.5502,0.3111,0.6315,0.3155,0.6363,3.82,-64.79,177.21,-138.77,-11.00,-16.10,135.15,0.803,58.26,53.90,SERVOING_MANUALLY_CONTROLLED
14.31,0.2101,0.0176,0.5502,0.3054,0.6343,0.3097,0.6391,3.70,-64.79,177.17,-138.77,-10.50,-16.08,135.67,0.803,58.25,53.90,SERVOING_MANUALLY_CONTROLLED
14.43,0.2101,0.0176,0.5503,0.2986,0.6374,0.3030,0.6424,3.57,-64.78,177.11,-138.76,-9.91,-16.05,136.27,0.803,58.26,53.90,SERVOING_MANUALLY_CONTROLLED
14.56,0.2101,0.0176,0.5502,0.2917,0.6407,0.2959,0.6456,3.43,-64.77,177.06,-138.76,-9.30,-16.02,136.89,0.803,58.26,53.90,SERVOING_MANUALLY_CONTROLLED
14.68,0.2101,0.0176,0.5502,0.2847,0.6439,0.2888,0.6488,3.29,-64.76,177.01,-138.76,-8.69,-16.00,137.50,0.803,58.26,53.90,SERVOING_MANUALLY_CONTROLLED
14.81,0.2101,0.0176,0.5502,0.2776,0.6469,0.2817,0.6519,3.16,-64.75,176.96,-138.76,-8.09,-15.97,138.12,0.803,58.26,53.90,SERVOING_MANUALLY_CONTROLLED
14.91,0.2101,0.0176,0.5502,0.2706,0.6499,0.2746,0.6550,3.02,-64.74,176.90,-138.76,-7.48,-15.95,138.74,0.803,58.26,53.90,SERVOING_MANUALLY_CONTROLLED
15.03,0.2101,0.0176,0.5502,0.2647,0.6523,0.2687,0.6574,2.90,-64.74,176.86,-138.76,-6.97,-15.93,139.25,0.803,58.26,53.90,SERVOING_MANUALLY_CONTROLLED
15.16,0.2102,0.0176,0.5501,0.2578,0.6552,0.2616,0.6602,2.78,-64.73,176.81,-138.76,-6.38,-15.91,139.85,0.803,58.25,53.90,SERVOING_MANUALLY_CONTROLLED
15.28,0.2101,0.0176,0.5502,0.2505,0.6579,0.2544,0.6631,2.63,-64.72,176.75,-138.76,-5.77,-15.89,140.48,0.803,58.26,53.90,SERVOING_MANUALLY_CONTROLLED
15.41,0.2101,0.0176,0.5501,0.2434,0.6606,0.2472,0.6658,2.51,-64.71,176.70,-138.76,-5.17,-15.88,141.09,0.803,58.26,53.90,SERVOING_MANUALLY_CONTROLLED
15.53,0.2102,0.0176,0.5501,0.2362,0.6632,0.2399,0.6684,2.37,-64.70,176.65,-138.76,-4.56,-15.87,141.71,0.803,58.25,53.90,SERVOING_MANUALLY_CONTROLLED
15.64,0.2101,0.0176,0.5502,0.2289,0.6657,0.2326,0.6710,2.23,-64.70,176.60,-138.75,-3.95,-15.85,142.33,0.803,58.26,53.90,SERVOING_MANUALLY_CONTROLLED
15.76,0.2101,0.0176,0.5502,0.2229,0.6678,0.2265,0.6731,2.12,-64.69,176.56,-138.75,-3.45,-15.84,142.84,0.803,58.26,53.90,SERVOING_MANUALLY_CONTROLLED
15.88,0.2101,0.0176,0.5502,0.2158,0.6701,0.2194,0.6755,1.99,-64.68,176.51,-138.75,-2.86,-15.83,143.44,0.803,58.26,53.90,SERVOING_MANUALLY_CONTROLLED
16.01,0.2101,0.0176,0.5502,0.2085,0.6724,0.2120,0.6778,1.85,-64.67,176.46,-138.75,-2.25,-15.83,144.06,0.803,58.26,53.90,SERVOING_MANUALLY_CONTROLLED
16.13,0.2102,0.0176,0.5502,0.2012,0.6747,0.2046,0.6801,1.72,-64.66,176.41,-138.75,-1.64,-15.82,144.67,0.803,58.25,53.90,SERVOING_MANUALLY_CONTROLLED
16.24,0.2101,0.0176,0.5502,0.1938,0.6768,0.1972,0.6823,1.58,-64.65,176.36,-138.74,-1.04,-15.82,145.29,0.803,58.26,53.90,SERVOING_MANUALLY_CONTROLLED
16.36,0.2101,0.0176,0.5502,0.1877,0.6785,0.1910,0.6840,1.48,-64.64,176.31,-138.74,-0.53,-15.81,145.81,0.803,58.25,53.90,SERVOING_MANUALLY_CONTROLLED
16.48,0.2101,0.0175,0.5502,0.1805,0.6805,0.1837,0.6860,1.34,-64.64,176.27,-138.74,0.06,-15.81,146.40,0.803,58.25,53.90,SERVOING_MANUALLY_CONTROLLED
16.61,0.2101,0.0176,0.5502,0.1730,0.6824,0.1762,0.6880,1.21,-64.63,176.21,-138.74,0.67,-15.81,147.02,0.803,58.25,53.90,SERVOING_MANUALLY_CONTROLLED
16.73,0.2102,0.0176,0.5502,0.1656,0.6843,0.1687,0.6899,1.07,-64.61,176.16,-138.74,1.28,-15.81,147.64,0.803,58.25,53.90,SERVOING_MANUALLY_CONTROLLED
16.86,0.2101,0.0176,0.5502,0.1581,0.6860,0.1612,0.6917,0.94,-64.61,176.11,-138.74,1.88,-15.82,148.26,0.803,58.26,53.90,SERVOING_MANUALLY_CONTROLLED
16.96,0.2102,0.0176,0.5501,0.1506,0.6877,0.1537,0.6933,0.80,-64.59,176.06,-138.74,2.49,-15.83,148.88,0.803,58.26,53.90,SERVOING_MANUALLY_CONTROLLED
17.08,0.2101,0.0176,0.5501,0.1443,0.6891,0.1473,0.6948,0.69,-64.59,176.02,-138.73,3.00,-15.83,149.40,0.803,58.25,53.90,SERVOING_MANUALLY_CONTROLLED
17.21,0.2102,0.0175,0.5501,0.1371,0.6906,0.1400,0.6962,0.56,-64.57,175.97,-138.73,3.59,-15.84,149.99,0.803,58.25,53.90,SERVOING_MANUALLY_CONTROLLED
17.33,0.2101,0.0176,0.5501,0.1295,0.6920,0.1324,0.6977,0.43,-64.57,175.91,-138.73,4.19,-15.85,150.61,0.803,58.25,53.90,SERVOING_MANUALLY_CONTROLLED
17.46,0.2102,0.0175,0.5501,0.1220,0.6934,0.1248,0.6991,0.29,-64.55,175.86,-138.73,4.80,-15.86,151.23,0.803,58.25,53.90,SERVOING_MANUALLY_CONTROLLED
17.58,0.2101,0.0175,0.5502,0.1144,0.6946,0.1171,0.7005,0.15,-64.55,175.81,-138.72,5.41,-15.88,151.85,0.803,58.25,53.90,SERVOING_MANUALLY_CONTROLLED
17.69,0.2102,0.0175,0.5502,0.1068,0.6958,0.1095,0.7017,0.02,-64.53,175.76,-138.72,6.01,-15.89,152.46,0.803,58.25,53.90,SERVOING_MANUALLY_CONTROLLED
17.81,0.2101,0.0176,0.5502,0.1004,0.6968,0.1031,0.7027,-0.10,-64.53,175.72,-138.72,6.53,-15.91,152.98,0.803,58.25,53.90,SERVOING_MANUALLY_CONTROLLED
17.93,0.2101,0.0175,0.5502,0.0935,0.6978,0.0961,0.7037,-0.22,-64.52,175.67,-138.72,7.08,-15.92,153.54,0.803,58.25,53.90,SERVOING_MANUALLY_CONTROLLED
18.06,0.2102,0.0175,0.5501,0.0907,0.6981,0.0931,0.7041,-0.27,-64.51,175.65,-138.72,7.30,-15.93,153.77,0.803,58.25,53.90,SERVOING_MANUALLY_CONTROLLED
18.18,0.2102,0.0175,0.5501,0.0903,0.6982,0.0928,0.7041,-0.27,-64.51,175.65,-138.72,7.33,-15.93,153.80,0.803,58.25,53.90,SERVOING_MANUALLY_CONTROLLED
18.31,0.2102,0.0175,0.5501,0.0903,0.6982,0.0928,0.7041,-0.27,-64.51,175.65,-138.72,7.33,-15.93,153.80,0.803,58.25,53.90,SERVOING_MANUALLY_CONTROLLED
18.41,0.2102,0.0175,0.5501,0.0903,0.6982,0.0928,0.7041,-0.27,-64.51,175.65,-138.73,7.33,-15.92,153.80,0.803,58.25,53.90,SERVOING_MANUALLY_CONTROLLED
18.53,0.2102,0.0175,0.5499,0.0906,0.6960,0.0922,0.7063,-0.02,-64.62,175.55,-139.06,7.33,-15.33,153.73,0.803,58.25,53.90,SERVOING_MANUALLY_CONTROLLED
18.66,0.2102,0.0174,0.5497,0.0915,0.6898,0.0913,0.7123,0.61,-64.90,175.32,-139.93,7.28,-13.76,153.52,0.803,58.24,53.90,SERVOING_MANUALLY_CONTROLLED
18.78,0.2102,0.0175,0.5497,0.0936,0.6825,0.0890,0.7194,1.65,-65.20,174.86,-140.86,7.15,-11.96,153.20,0.803,58.24,53.90,SERVOING_MANUALLY_CONTROLLED
18.92,0.2102,0.0175,0.5498,0.0990,0.6763,0.0835,0.7252,3.34,-65.44,173.98,-141.49,6.82,-10.68,152.64,0.803,58.25,53.90,SERVOING_MANUALLY_CONTROLLED
19.03,0.2102,0.0176,0.5499,0.1053,0.6715,0.0775,0.7293,5.10,-65.65,172.99,-141.85,6.41,-9.89,152.03,0.803,58.25,53.90,SERVOING_MANUALLY_CONTROLLED
19.14,0.2102,0.0176,0.5500,0.1072,0.6699,0.0760,0.7307,5.61,-65.73,172.70,-141.99,6.27,-9.60,151.85,0.803,58.26,53.90,SERVOING_MANUALLY_CONTROLLED
19.26,0.2102,0.0176,0.5498,0.1064,0.6678,0.0770,0.7327,5.55,-65.79,172.79,-142.33,6.30,-8.96,151.85,0.803,58.26,53.90,SERVOING_MANUALLY_CONTROLLED
19.38,0.2101,0.0177,0.5502,0.1014,0.6677,0.0817,0.7330,4.45,-65.73,173.47,-142.46,6.60,-8.68,152.24,0.803,58.27,53.90,SERVOING_MANUALLY_CONTROLLED
19.51,0.2101,0.0176,0.5505,0.1006,0.6735,0.0824,0.7277,3.84,-65.52,173.71,-141.66,6.71,-10.20,152.44,0.803,58.26,53.90,SERVOING_MANUALLY_CONTROLLED
19.63,0.2101,0.0177,0.5505,0.1052,0.6793,0.0781,0.7221,4.44,-65.34,173.20,-140.69,6.48,-12.01,152.21,0.803,58.27,53.90,SERVOING_MANUALLY_CONTROLLED
19.74,0.2101,0.0177,0.5505,0.1104,0.6842,0.0734,0.7171,5.18,-65.17,172.64,-139.82,6.24,-13.62,151.94,0.803,58.27,53.90,SERVOING_MANUALLY_CONTROLLED
19.86,0.2101,0.0177,0.5503,0.1121,0.6860,0.0719,0.7153,5.39,-65.12,172.48,-139.55,6.17,-14.16,151.85,0.803,58.27,53.90,SERVOING_MANUALLY_CONTROLLED
19.98,0.2101,0.0177,0.5502,0.1124,0.6864,0.0716,0.7149,5.43,-65.10,172.45,-139.51,6.15,-14.26,151.84,0.803,58.27,53.90,SERVOING_MANUALLY_CONTROLLED
20.11,0.2101,0.0177,0.5502,0.1124,0.6865,0.0716,0.7148,5.43,-65.10,172.45,-139.50,6.15,-14.27,151.84,0.803,58.27,53.90,SERVOING_MANUALLY_CONTROLLED
20.23,0.2101,0.0177,0.5502,0.1125,0.6865,0.0716,0.7148,5.43,-65.10,172.45,-139.50,6.15,-14.27,151.84,0.803,58.27,53.90,SERVOING_MANUALLY_CONTROLLED
20.36,0.2101,0.0177,0.5502,0.1125,0.6865,0.0716,0.7148,5.43,-65.10,172.45,-139.51,6.15,-14.26,151.84,0.803,58.26,53.90,SERVOING_MANUALLY_CONTROLLED
20.46,0.2101,0.0177,0.5502,0.1125,0.6865,0.0716,0.7148,5.43,-65.10,172.45,-139.51,6.15,-14.26,151.84,0.803,58.26,53.90,SERVOING_MANUALLY_CONTROLLED
20.58,0.2101,0.0177,0.5502,0.1125,0.6865,0.0716,0.7148,5.43,-65.10,172.45,-139.51,6.15,-14.26,151.84,0.803,58.26,53.90,SERVOING_MANUALLY_CONTROLLED
20.71,0.2101,0.0177,0.5502,0.1125,0.6865,0.0716,0.7148,5.43,-65.10,172.45,-139.51,6.15,-14.26,151.84,0.803,58.26,53.90,SERVOING_MANUALLY_CONTROLLED
20.83,0.2101,0.0177,0.5502,0.1125,0.6865,0.0716,0.7148,5.42,-65.10,172.45,-139.51,6.15,-14.26,151.84,0.803,58.26,53.90,SERVOING_MANUALLY_CONTROLLED
20.96,0.2101,0.0177,0.5502,0.1125,0.6865,0.0716,0.7148,5.42,-65.10,172.45,-139.51,6.15,-14.26,151.84,0.803,58.26,53.90,SERVOING_MANUALLY_CONTROLLED
21.08,0.2101,0.0177,0.5502,0.1125,0.6865,0.0716,0.7148,5.42,-65.10,172.45,-139.51,6.15,-14.26,151.84,0.803,58.26,53.90,SERVOING_MANUALLY_CONTROLLED
21.19,0.2101,0.0177,0.5502,0.1125,0.6865,0.0716,0.7148,5.42,-65.10,172.45,-139.51,6.15,-14.26,151.84,0.803,58.26,53.90,SERVOING_MANUALLY_CONTROLLED
21.31,0.2101,0.0177,0.5501,0.1125,0.6865,0.0716,0.7148,5.42,-65.10,172.45,-139.51,6.15,-14.26,151.84,0.803,58.26,53.90,SERVOING_MANUALLY_CONTROLLED
21.43,0.2101,0.0177,0.5501,0.1125,0.6865,0.0716,0.7148,5.42,-65.10,172.45,-139.51,6.15,-14.26,151.84,0.803,58.26,53.90,SERVOING_MANUALLY_CONTROLLED
21.56,0.2101,0.0177,0.5501,0.1125,0.6865,0.0716,0.7148,5.42,-65.10,172.45,-139.51,6.15,-14.26,151.84,0.803,58.26,53.90,SERVOING_MANUALLY_CONTROLLED
21.68,0.2101,0.0177,0.5501,0.1125,0.6865,0.0716,0.7148,5.42,-65.10,172.45,-139.51,6.15,-14.26,151.84,0.803,58.26,53.90,SERVOING_MANUALLY_CONTROLLED
21.81,0.2101,0.0177,0.5501,0.1125,0.6865,0.0717,0.7148,5.42,-65.10,172.45,-139.51,6.15,-14.26,151.84,0.803,58.26,53.90,SERVOING_MANUALLY_CONTROLLED
21.91,0.2101,0.0177,0.5501,0.1125,0.6865,0.0717,0.7148,5.42,-65.10,172.45,-139.51,6.15,-14.26,151.84,0.803,58.26,53.90,SERVOING_MANUALLY_CONTROLLED
22.25,0.2101,0.0177,0.5501,0.1125,0.6865,0.0717,0.7148,5.42,-65.10,172.45,-139.51,6.15,-14.26,151.84,0.803,58.26,53.90,SERVOING_MANUALLY_CONTROLLED
22.36,0.2101,0.0177,0.5501,0.1125,0.6865,0.0717,0.7148,5.42,-65.10,172.45,-139.51,6.15,-14.26,151.84,0.803,58.26,53.90,SERVOING_MANUALLY_CONTROLLED
22.48,0.2101,0.0177,0.5501,0.1125,0.6865,0.0717,0.7148,5.42,-65.10,172.45,-139.51,6.15,-14.26,151.84,0.803,58.26,53.90,SERVOING_MANUALLY_CONTROLLED
22.61,0.2101,0.0177,0.5501,0.1125,0.6865,0.0717,0.7148,5.42,-65.10,172.45,-139.51,6.15,-14.26,151.84,0.803,58.26,53.90,SERVOING_MANUALLY_CONTROLLED
22.73,0.2101,0.0177,0.5501,0.1125,0.6865,0.0717,0.7148,5.42,-65.10,172.45,-139.51,6.15,-14.26,151.84,0.803,58.26,53.90,SERVOING_MANUALLY_CONTROLLED
22.86,0.2101,0.0177,0.5501,0.1125,0.6865,0.0717,0.7148,5.42,-65.10,172.45,-139.51,6.15,-14.26,151.84,0.803,58.26,53.90,SERVOING_MANUALLY_CONTROLLED
22.96,0.2101,0.0177,0.5501,0.1125,0.6865,0.0717,0.7148,5.42,-65.10,172.45,-139.51,6.15,-14.26,151.84,0.803,58.26,53.90,SERVOING_MANUALLY_CONTROLLED
23.08,0.2101,0.0177,0.5501,0.1125,0.6865,0.0717,0.7148,5.42,-65.10,172.45,-139.51,6.15,-14.26,151.84,0.803,58.26,53.90,SERVOING_MANUALLY_CONTROLLED
23.21,0.2101,0.0177,0.5501,0.1125,0.6865,0.0717,0.7148,5.42,-65.10,172.45,-139.51,6.15,-14.26,151.84,0.803,58.26,53.90,SERVOING_MANUALLY_CONTROLLED
23.33,0.2101,0.0177,0.5501,0.1125,0.6865,0.0717,0.7148,5.42,-65.10,172.45,-139.51,6.15,-14.26,151.84,0.803,58.26,53.90,SERVOING_MANUALLY_CONTROLLED
23.46,0.2101,0.0177,0.5501,0.1125,0.6865,0.0717,0.7148,5.42,-65.10,172.45,-139.51,6.15,-14.26,151.84,0.803,58.26,53.90,SERVOING_MANUALLY_CONTROLLED
23.58,0.2101,0.0177,0.5501,0.1125,0.6865,0.0717,0.7148,5.42,-65.10,172.45,-139.51,6.15,-14.26,151.84,0.803,58.26,53.90,SERVOING_MANUALLY_CONTROLLED
23.69,0.2101,0.0177,0.5501,0.1125,0.6865,0.0717,0.7148,5.42,-65.10,172.45,-139.51,6.15,-14.26,151.84,0.803,58.26,53.90,SERVOING_MANUALLY_CONTROLLED
23.81,0.2101,0.0177,0.5501,0.1125,0.6865,0.0717,0.7148,5.42,-65.10,172.45,-139.51,6.15,-14.26,151.84,0.803,58.26,53.90,SERVOING_MANUALLY_CONTROLLED
23.93,0.2101,0.0177,0.5501,0.1125,0.6865,0.0717,0.7148,5.42,-65.10,172.45,-139.51,6.15,-14.26,151.84,0.803,58.26,53.90,SERVOING_MANUALLY_CONTROLLED
24.06,0.2101,0.0178,0.5501,0.1124,0.6865,0.0717,0.7148,5.43,-65.10,172.43,-139.51,6.14,-14.26,151.83,0.803,58.27,53.89,SERVOING_MANUALLY_CONTROLLED
24.18,0.2102,0.0238,0.5502,0.1119,0.6866,0.0711,0.7149,6.21,-65.16,170.99,-139.31,5.53,-14.43,151.20,0.803,58.86,53.63,SERVOING_MANUALLY_CONTROLLED
24.29,0.2105,0.0348,0.5501,0.1117,0.6866,0.0709,0.7149,7.57,-65.25,168.53,-138.92,4.41,-14.72,150.06,0.803,59.92,53.15,SERVOING_MANUALLY_CONTROLLED
24.41,0.2113,0.0391,0.5500,0.1120,0.6866,0.0713,0.7148,8.13,-65.17,167.58,-138.78,3.95,-14.70,149.59,0.803,60.31,52.91,SERVOING_MANUALLY_CONTROLLED
24.53,0.2115,0.0400,0.5501,0.1121,0.6865,0.0714,0.7148,8.25,-65.14,167.39,-138.75,3.86,-14.66,149.49,0.803,60.39,52.85,SERVOING_MANUALLY_CONTROLLED
24.66,0.2125,0.0400,0.5501,0.1122,0.6867,0.0715,0.7147,8.32,-64.92,167.36,-138.79,3.85,-14.42,149.48,0.803,60.35,52.75,SERVOING_MANUALLY_CONTROLLED
24.78,0.2211,0.0399,0.5495,0.1124,0.6873,0.0712,0.7141,8.92,-63.22,167.12,-139.19,3.83,-12.33,149.40,0.803,59.96,51.97,SERVOING_MANUALLY_CONTROLLED
24.91,0.2326,0.0423,0.5494,0.1123,0.6874,0.0709,0.7140,10.11,-61.00,166.16,-139.53,3.57,-9.59,149.06,0.803,59.68,50.82,SERVOING_MANUALLY_CONTROLLED
25.01,0.2418,0.0502,0.5495,0.1118,0.6873,0.0707,0.7142,11.88,-59.42,163.97,-139.45,2.77,-7.71,148.18,0.803,60.08,49.66,SERVOING_MANUALLY_CONTROLLED
25.13,0.2463,0.0596,0.5497,0.1115,0.6871,0.0706,0.7145,13.51,-58.87,161.61,-139.05,1.85,-7.12,147.19,0.803,60.88,48.88,SERVOING_MANUALLY_CONTROLLED
25.26,0.2480,0.0716,0.5498,0.1111,0.6870,0.0706,0.7147,15.21,-59.02,158.88,-138.36,0.71,-7.42,146.00,0.803,62.11,48.27,SERVOING_MANUALLY_CONTROLLED
25.38,0.2481,0.0842,0.5499,0.1109,0.6868,0.0706,0.7148,16.83,-59.55,156.14,-137.51,-0.46,-8.20,144.75,0.803,63.52,47.80,SERVOING_MANUALLY_CONTROLLED
25.51,0.2481,0.0970,0.5500,0.1107,0.6867,0.0706,0.7150,18.37,-60.15,153.56,-136.56,-1.57,-9.09,143.55,0.803,64.96,47.38,SERVOING_MANUALLY_CONTROLLED
25.63,0.2481,0.1096,0.5501,0.1105,0.6867,0.0706,0.7150,19.86,-60.77,151.12,-135.54,-2.66,-10.05,142.39,0.803,66.42,46.99,SERVOING_MANUALLY_CONTROLLED
25.74,0.2480,0.1223,0.5501,0.1103,0.6867,0.0706,0.7151,21.29,-61.42,148.82,-134.44,-3.70,-11.05,141.27,0.803,67.91,46.64,SERVOING_MANUALLY_CONTROLLED
25.86,0.2485,0.1328,0.5500,0.1103,0.6867,0.0706,0.7151,22.51,-61.90,146.95,-133.47,-4.53,-11.85,140.35,0.803,69.15,46.32,SERVOING_MANUALLY_CONTROLLED
25.98,0.2520,0.1444,0.5498,0.1104,0.6869,0.0704,0.7149,24.18,-61.98,144.76,-132.42,-5.45,-12.16,139.36,0.803,70.44,45.70,SERVOING_MANUALLY_CONTROLLED
26.11,0.2596,0.1546,0.5496,0.1105,0.6871,0.0704,0.7146,26.18,-61.41,142.53,-131.50,-6.28,-11.59,138.49,0.803,71.49,44.73,SERVOING_MANUALLY_CONTROLLED
26.23,0.2694,0.1629,0.5494,0.1107,0.6873,0.0704,0.7144,28.26,-60.48,140.46,-130.72,-6.96,-10.51,137.80,0.803,72.28,43.59,SERVOING_MANUALLY_CONTROLLED
26.36,0.2801,0.1698,0.5493,0.1106,0.6875,0.0705,0.7143,30.32,-59.42,138.52,-130.03,-7.52,-9.21,137.24,0.803,72.91,42.42,SERVOING_MANUALLY_CONTROLLED
26.46,0.2896,0.1773,0.5494,0.1105,0.6873,0.0705,0.7145,32.33,-58.67,136.61,-129.19,-8.09,-8.27,136.66,0.803,73.68,41.35,SERVOING_MANUALLY_CONTROLLED
26.58,0.2930,0.1865,0.5497,0.1102,0.6870,0.0706,0.7147,33.66,-58.92,135.09,-128.12,-8.71,-8.66,135.99,0.803,74.88,40.86,SERVOING_MANUALLY_CONTROLLED
26.71,0.2955,0.1978,0.5495,0.1101,0.6871,0.0705,0.7147,35.06,-59.45,133.46,-126.78,-9.43,-9.50,135.18,0.803,76.40,40.45,SERVOING_MANUALLY_CONTROLLED
26.83,0.3036,0.2051,0.5492,0.1104,0.6874,0.0704,0.7144,36.87,-59.02,131.80,-125.81,-9.95,-9.07,134.64,0.803,77.30,39.56,SERVOING_MANUALLY_CONTROLLED
26.96,0.3147,0.2092,0.5492,0.1106,0.6875,0.0704,0.7143,38.83,-58.03,130.24,-125.14,-10.27,-7.80,134.36,0.803,77.72,38.41,SERVOING_MANUALLY_CONTROLLED
27.08,0.3266,0.2119,0.5490,0.1106,0.6876,0.0704,0.7141,40.80,-56.89,128.71,-124.58,-10.51,-6.34,134.18,0.803,77.94,37.20,SERVOING_MANUALLY_CONTROLLED
27.19,0.3385,0.2128,0.5489,0.1107,0.6877,0.0704,0.7140,42.68,-55.64,127.33,-124.15,-10.63,-4.72,134.11,0.803,77.89,36.01,SERVOING_MANUALLY_CONTROLLED
27.31,0.3434,0.2130,0.5491,0.1105,0.6875,0.0707,0.7143,43.42,-55.12,126.80,-123.99,-10.65,-4.02,134.10,0.803,77.85,35.52,SERVOING_MANUALLY_CONTROLLED
27.43,0.3443,0.2131,0.5492,0.1105,0.6874,0.0707,0.7144,43.57,-55.03,126.69,-123.97,-10.65,-3.87,134.10,0.803,77.84,35.43,SERVOING_MANUALLY_CONTROLLED
27.56,0.3444,0.2131,0.5492,0.1105,0.6874,0.0707,0.7144,43.58,-55.02,126.69,-123.97,-10.66,-3.86,134.10,0.803,77.84,35.42,SERVOING_MANUALLY_CONTROLLED
27.68,0.3443,0.2131,0.5492,0.1105,0.6874,0.0708,0.7144,43.57,-55.02,126.69,-123.97,-10.66,-3.86,134.10,0.803,77.84,35.42,SERVOING_MANUALLY_CONTROLLED
27.79,0.3443,0.2131,0.5492,0.1105,0.6873,0.0708,0.7144,43.57,-55.02,126.70,-123.97,-10.66,-3.86,134.10,0.803,77.84,35.43,SERVOING_MANUALLY_CONTROLLED
27.91,0.3443,0.2131,0.5493,0.1104,0.6873,0.0708,0.7144,43.56,-55.03,126.70,-123.97,-10.65,-3.86,134.10,0.803,77.85,35.43,SERVOING_MANUALLY_CONTROLLED
28.04,0.3444,0.2132,0.5493,0.1104,0.6873,0.0708,0.7144,43.59,-55.03,126.68,-123.94,-10.67,-3.86,134.09,0.803,77.87,35.42,SERVOING_MANUALLY_CONTROLLED
28.16,0.3486,0.2177,0.5492,0.1102,0.6873,0.0705,0.7145,44.64,-55.01,125.74,-123.23,-10.94,-3.86,133.81,0.803,78.53,34.95,SERVOING_MANUALLY_CONTROLLED
28.28,0.3564,0.2259,0.5492,0.1100,0.6873,0.0705,0.7145,46.48,-54.98,124.12,-121.93,-11.43,-3.89,133.30,0.803,79.77,34.11,SERVOING_MANUALLY_CONTROLLED
28.41,0.3605,0.2297,0.5491,0.1102,0.6874,0.0706,0.7144,47.40,-54.95,123.34,-121.30,-11.67,-3.88,133.06,0.803,80.37,33.67,SERVOING_MANUALLY_CONTROLLED
28.51,0.3612,0.2302,0.5492,0.1103,0.6874,0.0706,0.7144,47.53,-54.94,123.23,-121.21,-11.71,-3.87,133.02,0.803,80.45,33.61,SERVOING_MANUALLY_CONTROLLED
28.63,0.3612,0.2303,0.5492,0.1102,0.6874,0.0707,0.7144,47.53,-54.94,123.23,-121.21,-11.71,-3.87,133.02,0.803,80.46,33.61,SERVOING_MANUALLY_CONTROLLED
28.76,0.3612,0.2303,0.5492,0.1102,0.6874,0.0707,0.7144,47.53,-54.94,123.23,-121.21,-11.71,-3.87,133.02,0.803,80.46,33.61,SERVOING_MANUALLY_CONTROLLED
28.88,0.3612,0.2302,0.5492,0.1103,0.6874,0.0707,0.7144,47.53,-54.94,123.23,-121.21,-11.71,-3.87,133.02,0.803,80.45,33.61,SERVOING_MANUALLY_CONTROLLED
29.01,0.3611,0.2302,0.5492,0.1103,0.6873,0.0707,0.7144,47.53,-54.94,123.24,-121.21,-11.71,-3.87,133.02,0.803,80.45,33.61,SERVOING_MANUALLY_CONTROLLED
29.14,0.3611,0.2302,0.5492,0.1103,0.6873,0.0707,0.7144,47.52,-54.94,123.24,-121.21,-11.71,-3.87,133.02,0.803,80.45,33.61,SERVOING_MANUALLY_CONTROLLED
29.24,0.3611,0.2300,0.5491,0.1103,0.6874,0.0708,0.7144,47.51,-54.92,123.25,-121.24,-11.70,-3.85,133.02,0.803,80.42,33.61,SERVOING_MANUALLY_CONTROLLED
29.36,0.3620,0.2276,0.5490,0.1106,0.6875,0.0708,0.7142,47.48,-54.58,123.35,-121.51,-11.57,-3.43,133.17,0.803,79.99,33.54,SERVOING_MANUALLY_CONTROLLED
29.48,0.3661,0.2206,0.5488,0.1109,0.6877,0.0708,0.7139,47.63,-53.47,123.48,-122.22,-11.18,-2.02,133.59,0.803,78.74,33.19,SERVOING_MANUALLY_CONTROLLED
29.61,0.3722,0.2106,0.5487,0.1113,0.6879,0.0708,0.7138,47.96,-51.83,123.62,-123.15,-10.58,0.03,134.19,0.803,76.90,32.68,SERVOING_MANUALLY_CONTROLLED
29.73,0.3790,0.2001,0.5487,0.1115,0.6879,0.0708,0.7137,48.37,-50.04,123.76,-124.05,-9.90,2.22,134.81,0.803,74.91,32.15,SERVOING_MANUALLY_CONTROLLED
29.86,0.3859,0.1897,0.5486,0.1116,0.6879,0.0708,0.7137,48.84,-48.19,123.90,-124.87,-9.16,4.41,135.44,0.803,72.86,31.65,SERVOING_MANUALLY_CONTROLLED
29.96,0.3928,0.1793,0.5486,0.1118,0.6879,0.0708,0.7136,49.37,-46.30,124.04,-125.62,-8.39,6.56,136.05,0.803,70.73,31.19,SERVOING_MANUALLY_CONTROLLED
30.09,0.3986,0.1707,0.5485,0.1119,0.6880,0.0708,0.7136,49.84,-44.70,124.17,-126.17,-7.71,8.31,136.56,0.803,68.93,30.83,SERVOING_MANUALLY_CONTROLLED
30.21,0.4054,0.1606,0.5486,0.1120,0.6879,0.0708,0.7136,50.42,-42.81,124.31,-126.75,-6.88,10.33,137.14,0.803,66.78,30.45,SERVOING_MANUALLY_CONTROLLED
30.33,0.4124,0.1503,0.5486,0.1120,0.6879,0.0709,0.7136,51.06,-40.83,124.46,-127.26,-5.99,12.34,137.75,0.803,64.51,30.11,SERVOING_MANUALLY_CONTROLLED
30.46,0.4194,0.1400,0.5486,0.1121,0.6879,0.0709,0.7136,51.75,-38.84,124.61,-127.69,-5.07,14.29,138.36,0.803,62.19,29.82,SERVOING_MANUALLY_CONTROLLED
30.58,0.4263,0.1296,0.5486,0.1122,0.6879,0.0709,0.7136,52.47,-36.83,124.76,-128.03,-4.11,16.18,138.97,0.803,59.83,29.57,SERVOING_MANUALLY_CONTROLLED
30.69,0.4333,0.1193,0.5486,0.1123,0.6878,0.0709,0.7136,53.23,-34.80,124.89,-128.29,-3.13,17.98,139.59,0.803,57.43,29.38,SERVOING_MANUALLY_CONTROLLED
30.81,0.4388,0.1106,0.5487,0.1123,0.6878,0.0708,0.7137,53.81,-33.14,125.07,-128.48,-2.29,19.41,140.11,0.803,55.45,29.29,SERVOING_MANUALLY_CONTROLLED
30.93,0.4445,0.1000,0.5486,0.1125,0.6878,0.0709,0.7136,54.27,-31.20,125.51,-128.72,-1.23,20.98,140.72,0.803,53.09,29.32,SERVOING_MANUALLY_CONTROLLED
31.06,0.4498,0.0889,0.5487,0.1126,0.6878,0.0709,0.7137,54.59,-29.21,126.15,-128.95,-0.07,22.52,141.36,0.803,50.70,29.46,SERVOING_MANUALLY_CONTROLLED
31.18,0.4552,0.0777,0.5487,0.1126,0.6877,0.0708,0.7137,54.92,-27.22,126.82,-129.08,1.14,23.97,141.98,0.803,48.32,29.64,SERVOING_MANUALLY_CONTROLLED
31.29,0.4618,0.0671,0.5486,0.1128,0.6878,0.0708,0.7136,55.65,-25.16,127.05,-128.98,2.21,25.35,142.66,0.803,45.90,29.74,SERVOING_MANUALLY_CONTROLLED
31.41,0.4696,0.0603,0.5486,0.1126,0.6878,0.0708,0.7137,57.19,-23.44,126.12,-128.47,2.67,26.39,143.37,0.803,43.94,29.55,SERVOING_MANUALLY_CONTROLLED
31.53,0.4803,0.0549,0.5486,0.1124,0.6878,0.0707,0.7136,59.87,-21.57,123.86,-127.54,2.65,27.38,144.41,0.803,41.78,29.10,SERVOING_MANUALLY_CONTROLLED
31.66,0.4920,0.0500,0.5488,0.1124,0.6877,0.0707,0.7138,63.21,-19.67,120.78,-126.38,2.32,28.25,145.71,0.803,39.49,28.58,SERVOING_MANUALLY_CONTROLLED
31.78,0.5037,0.0456,0.5487,0.1124,0.6877,0.0709,0.7137,66.98,-17.79,117.14,-125.14,1.85,28.99,147.19,0.803,37.16,28.07,SERVOING_MANUALLY_CONTROLLED
31.91,0.5154,0.0409,0.5486,0.1124,0.6878,0.0708,0.7137,71.28,-15.93,112.89,-123.85,1.33,29.63,148.82,0.803,34.73,27.63,SERVOING_MANUALLY_CONTROLLED
32.01,0.5271,0.0360,0.5487,0.1126,0.6876,0.0707,0.7138,76.39,-14.13,107.81,-122.48,0.82,30.17,150.53,0.803,32.21,27.26,SERVOING_MANUALLY_CONTROLLED
32.14,0.5368,0.0323,0.5487,0.1124,0.6877,0.0707,0.7138,81.51,-12.78,102.74,-121.32,0.60,30.54,151.76,0.803,30.11,26.97,SERVOING_MANUALLY_CONTROLLED
32.26,0.5462,0.0281,0.5486,0.1124,0.6877,0.0703,0.7138,87.55,-11.79,97.03,-120.17,0.91,30.84,152.34,0.803,27.95,26.77,SERVOING_MANUALLY_CONTROLLED
32.38,0.5549,0.0242,0.5487,0.1121,0.6877,0.0700,0.7139,93.82,-11.41,91.51,-119.09,2.06,31.08,151.74,0.803,25.92,26.62,SERVOING_MANUALLY_CONTROLLED
32.51,0.5636,0.0198,0.5486,0.1122,0.6876,0.0697,0.7139,100.07,-11.60,86.46,-117.99,3.99,31.29,149.95,0.803,23.82,26.55,SERVOING_MANUALLY_CONTROLLED
32.63,0.5732,0.0154,0.5485,0.1118,0.6878,0.0696,0.7139,106.30,-12.28,81.81,-116.76,6.60,31.54,147.20,0.803,21.55,26.47,SERVOING_MANUALLY_CONTROLLED
32.74,0.5842,0.0094,0.5485,0.1120,0.6878,0.0690,0.7139,112.49,-13.35,77.56,-115.30,9.64,31.87,143.76,0.803,18.84,26.52,SERVOING_MANUALLY_CONTROLLED
32.86,0.5936,0.0049,0.5484,0.1118,0.6879,0.0690,0.7139,117.05,-14.36,74.56,-114.01,12.07,32.18,140.90,0.803,16.60,26.54,SERVOING_MANUALLY_CONTROLLED
32.98,0.6044,-0.0006,0.5483,0.1118,0.6879,0.0689,0.7138,121.71,-15.58,71.65,-112.48,14.63,32.55,137.76,0.803,13.99,26.65,SERVOING_MANUALLY_CONTROLLED
33.11,0.6156,-0.0061,0.5482,0.1113,0.6880,0.0688,0.7138,125.96,-16.86,69.09,-110.85,17.03,32.93,134.77,0.803,11.34,26.81,SERVOING_MANUALLY_CONTROLLED
33.23,0.6268,-0.0118,0.5482,0.1113,0.6880,0.0689,0.7138,129.78,-18.14,66.87,-109.17,19.17,33.29,131.98,0.803,8.73,27.05,SERVOING_MANUALLY_CONTROLLED
33.36,0.6379,-0.0173,0.5482,0.1111,0.6880,0.0690,0.7138,133.22,-19.43,64.91,-107.45,21.07,33.62,129.41,0.803,6.18,27.32,SERVOING_MANUALLY_CONTROLLED
33.46,0.6489,-0.0229,0.5481,0.1110,0.6881,0.0690,0.7137,136.37,-20.70,63.17,-105.68,22.77,33.89,127.06,0.803,3.70,27.66,SERVOING_MANUALLY_CONTROLLED
33.59,0.6538,-0.0253,0.5481,0.1111,0.6882,0.0694,0.7136,137.65,-21.24,62.47,-104.89,23.49,34.00,126.01,0.803,2.62,27.81,SERVOING_MANUALLY_CONTROLLED
33.71,0.6548,-0.0258,0.5481,0.1111,0.6882,0.0695,0.7136,137.91,-21.36,62.34,-104.72,23.65,34.02,125.78,0.803,2.39,27.84,SERVOING_MANUALLY_CONTROLLED
33.83,0.6549,-0.0257,0.5480,0.1110,0.6882,0.0696,0.7136,137.92,-21.37,62.33,-104.71,23.66,34.02,125.76,0.803,2.38,27.84,SERVOING_MANUALLY_CONTROLLED
33.96,0.6549,-0.0256,0.5480,0.1110,0.6882,0.0696,0.7136,137.90,-21.37,62.33,-104.72,23.66,34.02,125.76,0.803,2.39,27.82,SERVOING_MANUALLY_CONTROLLED
34.08,0.6549,-0.0256,0.5481,0.1110,0.6882,0.0697,0.7136,137.91,-21.38,62.33,-104.70,23.67,34.02,125.74,0.803,2.37,27.83,SERVOING_MANUALLY_CONTROLLED
34.19,0.6606,-0.0255,0.5482,0.1107,0.6881,0.0694,0.7137,138.80,-22.11,61.74,-103.75,23.90,33.89,125.00,0.803,1.23,27.74,SERVOING_MANUALLY_CONTROLLED
34.31,0.6698,-0.0258,0.5481,0.1108,0.6881,0.0693,0.7137,140.22,-23.26,60.82,-102.19,24.29,33.61,123.78,0.803,0.68,27.66,SERVOING_MANUALLY_CONTROLLED
34.44,0.6803,-0.0256,0.5479,0.1107,0.6883,0.0694,0.7136,141.70,-24.51,59.83,-100.43,24.70,33.25,122.46,0.803,2.84,27.56,SERVOING_MANUALLY_CONTROLLED
34.56,0.6836,-0.0256,0.5479,0.1108,0.6883,0.0695,0.7136,142.15,-24.89,59.53,-99.87,24.82,33.12,122.03,0.803,3.53,27.54,SERVOING_MANUALLY_CONTROLLED
34.68,0.6839,-0.0255,0.5479,0.1108,0.6883,0.0696,0.7135,142.19,-24.93,59.50,-99.82,24.84,33.11,121.99,0.803,3.60,27.53,SERVOING_MANUALLY_CONTROLLED
34.79,0.6839,-0.0255,0.5479,0.1108,0.6883,0.0696,0.7135,142.19,-24.93,59.50,-99.82,24.84,33.11,121.99,0.803,3.60,27.53,SERVOING_MANUALLY_CONTROLLED
34.91,0.6839,-0.0255,0.5479,0.1108,0.6883,0.0696,0.7135,142.19,-24.92,59.50,-99.82,24.84,33.11,121.99,0.803,3.60,27.53,SERVOING_MANUALLY_CONTROLLED
35.04,0.6839,-0.0255,0.5479,0.1108,0.6883,0.0696,0.7135,142.18,-24.92,59.50,-99.82,24.84,33.11,121.99,0.803,3.60,27.53,SERVOING_MANUALLY_CONTROLLED
35.16,0.6839,-0.0255,0.5479,0.1108,0.6883,0.0696,0.7135,142.18,-24.92,59.50,-99.83,24.84,33.11,121.99,0.803,3.59,27.53,SERVOING_MANUALLY_CONTROLLED
35.29,0.6839,-0.0255,0.5479,0.1108,0.6883,0.0697,0.7135,142.18,-24.91,59.50,-99.83,24.84,33.11,121.99,0.803,3.59,27.53,SERVOING_MANUALLY_CONTROLLED
35.41,0.6839,-0.0255,0.5479,0.1108,0.6883,0.0697,0.7135,142.17,-24.91,59.50,-99.83,24.84,33.11,121.99,0.803,3.58,27.53,SERVOING_MANUALLY_CONTROLLED
35.52,0.6839,-0.0255,0.5479,0.1108,0.6883,0.0697,0.7135,142.17,-24.91,59.50,-99.83,24.84,33.11,121.99,0.803,3.58,27.53,SERVOING_MANUALLY_CONTROLLED
35.64,0.6829,-0.0255,0.5479,0.1109,0.6883,0.0697,0.7135,142.03,-24.79,59.60,-100.01,24.81,33.14,122.10,0.803,3.38,27.53,SERVOING_MANUALLY_CONTROLLED
35.76,0.6767,-0.0243,0.5477,0.1109,0.6885,0.0699,0.7133,140.93,-24.08,60.26,-101.10,24.43,33.28,122.94,0.803,2.08,27.45,SERVOING_MANUALLY_CONTROLLED
35.89,0.6656,-0.0207,0.5478,0.1110,0.6885,0.0702,0.7133,138.59,-22.81,61.63,-102.99,23.41,33.36,124.69,0.803,0.31,27.20,SERVOING_MANUALLY_CONTROLLED
36.01,0.6533,-0.0161,0.5479,0.1111,0.6884,0.0703,0.7134,135.69,-21.43,63.32,-105.01,22.03,33.31,126.85,0.803,3.02,26.91,SERVOING_MANUALLY_CONTROLLED
36.14,0.6409,-0.0113,0.5480,0.1112,0.6883,0.0705,0.7134,132.47,-20.02,65.19,-107.00,20.45,33.18,129.21,0.803,5.81,26.67,SERVOING_MANUALLY_CONTROLLED
36.24,0.6338,-0.0084,0.5480,0.1112,0.6882,0.0701,0.7135,130.45,-19.23,66.38,-108.09,19.36,33.05,130.75,0.803,7.45,26.55,SERVOING_MANUALLY_CONTROLLED
36.36,0.6327,-0.0079,0.5480,0.1111,0.6882,0.0699,0.7135,130.11,-19.11,66.58,-108.26,19.17,33.02,131.01,0.803,7.71,26.52,SERVOING_MANUALLY_CONTROLLED
36.49,0.6326,-0.0078,0.5481,0.1111,0.6881,0.0699,0.7136,130.08,-19.10,66.60,-108.27,19.14,33.01,131.05,0.803,7.73,26.52,SERVOING_MANUALLY_CONTROLLED
36.61,0.6326,-0.0079,0.5482,0.1111,0.6881,0.0699,0.7136,130.08,-19.10,66.59,-108.27,19.14,33.01,131.05,0.803,7.73,26.52,SERVOING_MANUALLY_CONTROLLED
36.74,0.6326,-0.0080,0.5482,0.1112,0.6881,0.0698,0.7136,130.10,-19.10,66.59,-108.26,19.14,33.01,131.05,0.803,7.72,26.53,SERVOING_MANUALLY_CONTROLLED
36.86,0.6326,-0.0080,0.5481,0.1112,0.6881,0.0698,0.7136,130.10,-19.11,66.59,-108.26,19.14,33.01,131.05,0.803,7.71,26.53,SERVOING_MANUALLY_CONTROLLED
36.96,0.6327,-0.0080,0.5481,0.1112,0.6881,0.0697,0.7136,130.11,-19.11,66.59,-108.26,19.14,33.01,131.05,0.803,7.71,26.54,SERVOING_MANUALLY_CONTROLLED
37.09,0.6327,-0.0080,0.5481,0.1112,0.6881,0.0697,0.7136,130.11,-19.11,66.58,-108.25,19.14,33.01,131.05,0.803,7.70,26.54,SERVOING_MANUALLY_CONTROLLED
37.21,0.6327,-0.0079,0.5481,0.1111,0.6881,0.0698,0.7136,130.11,-19.11,66.58,-108.25,19.14,33.01,131.05,0.803,7.70,26.53,SERVOING_MANUALLY_CONTROLLED
37.34,0.6327,-0.0079,0.5481,0.1111,0.6881,0.0698,0.7136,130.11,-19.11,66.58,-108.25,19.14,33.01,131.05,0.803,7.70,26.53,SERVOING_MANUALLY_CONTROLLED
37.46,0.6327,-0.0079,0.5481,0.1111,0.6881,0.0698,0.7136,130.11,-19.11,66.58,-108.25,19.14,33.01,131.05,0.803,7.70,26.53,SERVOING_MANUALLY_CONTROLLED
37.59,0.6327,-0.0079,0.5481,0.1111,0.6881,0.0698,0.7136,130.11,-19.11,66.58,-108.25,19.14,33.01,131.05,0.803,7.70,26.53,SERVOING_MANUALLY_CONTROLLED
37.69,0.6327,-0.0079,0.5481,0.1111,0.6881,0.0698,0.7136,130.11,-19.11,66.58,-108.25,19.14,33.01,131.05,0.803,7.70,26.53,SERVOING_MANUALLY_CONTROLLED
37.81,0.6327,-0.0079,0.5481,0.1111,0.6881,0.0698,0.7136,130.11,-19.11,66.58,-108.25,19.14,33.01,131.05,0.803,7.70,26.53,SERVOING_MANUALLY_CONTROLLED
37.94,0.6327,-0.0079,0.5481,0.1111,0.6881,0.0698,0.7136,130.11,-19.11,66.58,-108.25,19.14,33.01,131.05,0.803,7.70,26.53,SERVOING_MANUALLY_CONTROLLED
38.06,0.6327,-0.0079,0.5481,0.1111,0.6881,0.0698,0.7136,130.11,-19.11,66.58,-108.25,19.14,33.01,131.05,0.803,7.70,26.53,SERVOING_MANUALLY_CONTROLLED
38.19,0.6327,-0.0079,0.5481,0.1111,0.6881,0.0698,0.7136,130.11,-19.11,66.58,-108.25,19.14,33.01,131.05,0.803,7.70,26.53,SERVOING_MANUALLY_CONTROLLED
38.29,0.6327,-0.0079,0.5481,0.1111,0.6881,0.0698,0.7136,130.11,-19.11,66.58,-108.25,19.14,33.01,131.05,0.803,7.70,26.53,SERVOING_MANUALLY_CONTROLLED
38.41,0.6327,-0.0079,0.5481,0.1111,0.6881,0.0698,0.7136,130.11,-19.11,66.58,-108.25,19.14,33.01,131.05,0.803,7.70,26.53,SERVOING_MANUALLY_CONTROLLED
38.54,0.6327,-0.0079,0.5481,0.1111,0.6881,0.0698,0.7136,130.11,-19.11,66.58,-108.25,19.14,33.01,131.05,0.803,7.70,26.53,SERVOING_MANUALLY_CONTROLLED
38.66,0.6327,-0.0079,0.5481,0.1111,0.6881,0.0698,0.7136,130.11,-19.11,66.58,-108.25,19.14,33.01,131.05,0.803,7.70,26.53,SERVOING_MANUALLY_CONTROLLED
38.79,0.6327,-0.0079,0.5481,0.1111,0.6881,0.0698,0.7136,130.11,-19.11,66.58,-108.25,19.14,33.01,131.05,0.803,7.70,26.53,SERVOING_MANUALLY_CONTROLLED
38.91,0.6327,-0.0079,0.5481,0.1111,0.6881,0.0698,0.7136,130.11,-19.11,66.58,-108.25,19.14,33.01,131.05,0.803,7.70,26.53,SERVOING_MANUALLY_CONTROLLED
39.01,0.6327,-0.0079,0.5481,0.1111,0.6881,0.0698,0.7136,130.11,-19.11,66.58,-108.25,19.14,33.01,131.05,0.803,7.70,26.53,SERVOING_MANUALLY_CONTROLLED
39.14,0.6327,-0.0079,0.5481,0.1111,0.6881,0.0698,0.7136,130.11,-19.11,66.58,-108.25,19.14,33.01,131.05,0.803,7.70,26.53,SERVOING_MANUALLY_CONTROLLED
39.26,0.6327,-0.0079,0.5481,0.1111,0.6881,0.0698,0.7136,130.11,-19.11,66.58,-108.25,19.14,33.01,131.05,0.803,7.70,26.53,SERVOING_MANUALLY_CONTROLLED
39.39,0.6327,-0.0079,0.5481,0.1111,0.6881,0.0698,0.7136,130.11,-19.11,66.58,-108.25,19.14,33.01,131.05,0.803,7.70,26.53,SERVOING_MANUALLY_CONTROLLED
39.51,0.6327,-0.0079,0.5481,0.1111,0.6881,0.0698,0.7136,130.11,-19.11,66.58,-108.25,19.14,33.01,131.05,0.803,7.70,26.53,SERVOING_MANUALLY_CONTROLLED
39.64,0.6327,-0.0079,0.5481,0.1111,0.6881,0.0698,0.7136,130.11,-19.11,66.58,-108.25,19.14,33.01,131.05,0.803,7.70,26.53,SERVOING_MANUALLY_CONTROLLED
39.74,0.6327,-0.0079,0.5481,0.1111,0.6881,0.0698,0.7136,130.11,-19.11,66.58,-108.25,19.14,33.01,131.05,0.803,7.70,26.53,SERVOING_MANUALLY_CONTROLLED
39.86,0.6327,-0.0079,0.5481,0.1111,0.6881,0.0698,0.7136,130.11,-19.11,66.58,-108.25,19.14,33.01,131.05,0.803,7.70,26.53,SERVOING_MANUALLY_CONTROLLED
39.99,0.6327,-0.0079,0.5481,0.1111,0.6881,0.0698,0.7136,130.11,-19.11,66.58,-108.25,19.14,33.01,131.05,0.803,7.70,26.53,SERVOING_MANUALLY_CONTROLLED
40.11,0.6327,-0.0079,0.5481,0.1111,0.6881,0.0698,0.7136,130.11,-19.11,66.58,-108.25,19.14,33.01,131.05,0.803,7.70,26.53,SERVOING_MANUALLY_CONTROLLED
40.24,0.6327,-0.0079,0.5481,0.1111,0.6881,0.0698,0.7136,130.11,-19.11,66.58,-108.25,19.14,33.01,131.05,0.803,7.70,26.53,SERVOING_MANUALLY_CONTROLLED
40.36,0.6327,-0.0079,0.5481,0.1111,0.6881,0.0698,0.7136,130.11,-19.11,66.58,-108.25,19.14,33.01,131.05,0.803,7.70,26.53,SERVOING_MANUALLY_CONTROLLED
40.47,0.6327,-0.0079,0.5481,0.1111,0.6881,0.0698,0.7136,130.11,-19.11,66.58,-108.25,19.14,33.01,131.05,0.803,7.70,26.53,SERVOING_MANUALLY_CONTROLLED
40.59,0.6327,-0.0079,0.5481,0.1111,0.6881,0.0698,0.7136,130.11,-19.11,66.58,-108.25,19.14,33.01,131.05,0.803,7.70,26.53,SERVOING_MANUALLY_CONTROLLED
40.71,0.6327,-0.0079,0.5481,0.1111,0.6881,0.0698,0.7136,130.11,-19.11,66.58,-108.25,19.14,33.01,131.05,0.803,7.70,26.53,SERVOING_MANUALLY_CONTROLLED
40.84,0.6327,-0.0079,0.5481,0.1111,0.6881,0.0698,0.7136,130.11,-19.11,66.58,-108.25,19.14,33.01,131.05,0.803,7.70,26.53,SERVOING_MANUALLY_CONTROLLED
40.96,0.6327,-0.0079,0.5481,0.1111,0.6881,0.0698,0.7136,130.11,-19.11,66.58,-108.25,19.14,33.01,131.05,0.803,7.70,26.53,SERVOING_MANUALLY_CONTROLLED
41.09,0.6327,-0.0079,0.5481,0.1111,0.6881,0.0698,0.7136,130.11,-19.11,66.58,-108.25,19.14,33.01,131.05,0.803,7.70,26.53,SERVOING_MANUALLY_CONTROLLED
41.19,0.6327,-0.0079,0.5481,0.1111,0.6881,0.0698,0.7136,130.11,-19.11,66.58,-108.25,19.14,33.01,131.05,0.803,7.70,26.53,SERVOING_MANUALLY_CONTROLLED
41.31,0.6327,-0.0079,0.5481,0.1111,0.6881,0.0698,0.7136,130.11,-19.11,66.58,-108.25,19.14,33.01,131.05,0.803,7.70,26.53,SERVOING_MANUALLY_CONTROLLED
41.44,0.6327,-0.0079,0.5481,0.1111,0.6881,0.0698,0.7136,130.11,-19.11,66.58,-108.25,19.14,33.01,131.05,0.803,7.70,26.53,SERVOING_MANUALLY_CONTROLLED
41.56,0.6327,-0.0079,0.5481,0.1111,0.6881,0.0698,0.7136,130.11,-19.11,66.58,-108.25,19.14,33.01,131.05,0.803,7.70,26.53,SERVOING_MANUALLY_CONTROLLED
41.69,0.6327,-0.0079,0.5481,0.1111,0.6881,0.0698,0.7136,130.11,-19.11,66.58,-108.25,19.14,33.01,131.05,0.803,7.70,26.53,SERVOING_MANUALLY_CONTROLLED
41.79,0.6327,-0.0079,0.5481,0.1111,0.6881,0.0698,0.7136,130.11,-19.11,66.58,-108.25,19.14,33.01,131.05,0.803,7.70,26.53,SERVOING_MANUALLY_CONTROLLED
41.91,0.6327,-0.0079,0.5481,0.1111,0.6881,0.0698,0.7136,130.11,-19.11,66.58,-108.25,19.14,33.01,131.05,0.803,7.70,26.53,SERVOING_MANUALLY_CONTROLLED
42.04,0.6327,-0.0079,0.5481,0.1111,0.6881,0.0698,0.7136,130.11,-19.11,66.58,-108.25,19.14,33.01,131.05,0.803,7.70,26.53,SERVOING_MANUALLY_CONTROLLED
42.16,0.6327,-0.0079,0.5481,0.1111,0.6881,0.0698,0.7136,130.11,-19.11,66.58,-108.25,19.14,33.01,131.05,0.803,7.70,26.53,SERVOING_MANUALLY_CONTROLLED
42.29,0.6327,-0.0079,0.5481,0.1111,0.6881,0.0698,0.7136,130.11,-19.11,66.58,-108.25,19.14,33.01,131.05,0.803,7.70,26.53,SERVOING_MANUALLY_CONTROLLED
42.41,0.6327,-0.0079,0.5481,0.1111,0.6881,0.0698,0.7136,130.11,-19.11,66.58,-108.25,19.14,33.01,131.05,0.803,7.70,26.53,SERVOING_MANUALLY_CONTROLLED
42.51,0.6327,-0.0079,0.5481,0.1111,0.6881,0.0698,0.7136,130.11,-19.11,66.58,-108.25,19.14,33.01,131.05,0.803,7.70,26.53,SERVOING_MANUALLY_CONTROLLED
42.64,0.6327,-0.0079,0.5481,0.1111,0.6881,0.0698,0.7136,130.11,-19.11,66.58,-108.25,19.14,33.01,131.05,0.803,7.70,26.53,SERVOING_MANUALLY_CONTROLLED
42.76,0.6327,-0.0079,0.5481,0.1111,0.6881,0.0698,0.7136,130.11,-19.11,66.58,-108.25,19.14,33.01,131.05,0.803,7.70,26.53,SERVOING_MANUALLY_CONTROLLED
42.89,0.6327,-0.0079,0.5481,0.1111,0.6881,0.0698,0.7136,130.11,-19.11,66.58,-108.25,19.14,33.01,131.05,0.803,7.70,26.53,SERVOING_MANUALLY_CONTROLLED
43.01,0.6327,-0.0079,0.5481,0.1111,0.6881,0.0698,0.7136,130.11,-19.11,66.58,-108.25,19.14,33.01,131.05,0.803,7.70,26.53,SERVOING_MANUALLY_CONTROLLED
43.14,0.6327,-0.0079,0.5481,0.1111,0.6881,0.0698,0.7136,130.11,-19.11,66.58,-108.25,19.14,33.01,131.05,0.803,7.70,26.53,SERVOING_MANUALLY_CONTROLLED
43.24,0.6327,-0.0079,0.5481,0.1111,0.6881,0.0698,0.7136,130.11,-19.11,66.58,-108.25,19.14,33.01,131.05,0.803,7.70,26.53,SERVOING_MANUALLY_CONTROLLED
43.36,0.6327,-0.0079,0.5481,0.1111,0.6881,0.0698,0.7136,130.11,-19.11,66.58,-108.25,19.14,33.01,131.05,0.803,7.70,26.53,SERVOING_MANUALLY_CONTROLLED
43.49,0.6327,-0.0079,0.5481,0.1111,0.6881,0.0698,0.7136,130.11,-19.11,66.58,-108.25,19.14,33.01,131.05,0.803,7.70,26.53,SERVOING_MANUALLY_CONTROLLED
43.61,0.6327,-0.0079,0.5481,0.1111,0.6881,0.0698,0.7136,130.11,-19.11,66.58,-108.25,19.14,33.01,131.05,0.803,7.70,26.53,SERVOING_READY
43.74,0.6327,-0.0079,0.5481,0.1111,0.6881,0.0698,0.7136,130.11,-19.11,66.58,-108.25,19.14,33.01,131.05,0.803,7.70,26.53,SERVOING_READY
43.86,0.6327,-0.0079,0.5481,0.1111,0.6881,0.0698,0.7136,130.11,-19.11,66.58,-108.25,19.14,33.01,131.05,0.803,7.70,26.53,SERVOING_READY
43.96,0.6327,-0.0079,0.5481,0.1111,0.6881,0.0698,0.7136,130.11,-19.11,66.58,-108.25,19.14,33.01,131.05,0.803,7.70,26.53,SERVOING_READY
44.09,0.6327,-0.0079,0.5481,0.1111,0.6881,0.0698,0.7136,130.11,-19.11,66.58,-108.25,19.14,33.01,131.05,0.803,7.70,26.53,SERVOING_READY
44.21,0.6327,-0.0079,0.5481,0.1111,0.6881,0.0698,0.7136,130.11,-19.11,66.58,-108.25,19.14,33.01,131.05,0.803,7.70,26.53,SERVOING_READY
44.34,0.6327,-0.0079,0.5481,0.1111,0.6881,0.0698,0.7136,130.11,-19.11,66.58,-108.25,19.14,33.01,131.05,0.803,7.70,26.53,SERVOING_READY
44.46,0.6327,-0.0079,0.5481,0.1111,0.6881,0.0698,0.7136,130.11,-19.11,66.58,-108.25,19.14,33.01,131.05,0.803,7.70,26.53,SERVOING_READY
44.59,0.6327,-0.0079,0.5481,0.1111,0.6881,0.0698,0.7136,130.11,-19.11,66.58,-108.25,19.14,33.01,131.05,0.803,7.70,26.53,SERVOING_READY
44.69,0.6327,-0.0079,0.5481,0.1111,0.6881,0.0698,0.7136,130.11,-19.11,66.58,-108.25,19.14,33.01,131.05,0.803,7.70,26.53,SERVOING_READY
44.81,0.6327,-0.0079,0.5481,0.1111,0.6881,0.0698,0.7136,130.11,-19.11,66.58,-108.25,19.14,33.01,131.05,0.803,7.70,26.53,SERVOING_READY
44.94,0.6327,-0.0079,0.5481,0.1111,0.6881,0.0698,0.7136,130.11,-19.11,66.58,-108.25,19.14,33.01,131.05,0.803,7.70,26.53,SERVOING_READY
45.06,0.6327,-0.0079,0.5481,0.1111,0.6881,0.0698,0.7136,130.11,-19.11,66.58,-108.25,19.14,33.01,131.05,0.803,7.70,26.53,SERVOING_READY
45.19,0.6327,-0.0079,0.5481,0.1111,0.6881,0.0698,0.7136,130.11,-19.11,66.58,-108.25,19.14,33.01,131.05,0.803,7.70,26.53,SERVOING_READY
45.29,0.6327,-0.0079,0.5481,0.1111,0.6881,0.0698,0.7136,130.11,-19.11,66.58,-108.25,19.14,33.01,131.05,0.803,7.70,26.53,SERVOING_READY
45.41,0.6327,-0.0079,0.5481,0.1111,0.6881,0.0698,0.7136,130.11,-19.11,66.58,-108.25,19.14,33.01,131.05,0.803,7.70,26.53,SERVOING_READY
45.54,0.6327,-0.0079,0.5481,0.1111,0.6881,0.0698,0.7136,130.11,-19.11,66.58,-108.25,19.14,33.01,131.05,0.803,7.70,26.53,SERVOING_READY
45.66,0.6327,-0.0079,0.5481,0.1111,0.6881,0.0698,0.7136,130.11,-19.11,66.58,-108.25,19.14,33.01,131.05,0.803,7.70,26.53,SERVOING_READY
45.79,0.6327,-0.0079,0.5481,0.1111,0.6881,0.0698,0.7136,130.11,-19.11,66.58,-108.25,19.14,33.01,131.05,0.803,7.70,26.53,SERVOING_READY
45.91,0.6327,-0.0079,0.5481,0.1111,0.6881,0.0698,0.7136,130.11,-19.11,66.58,-108.25,19.14,33.01,131.05,0.803,7.70,26.53,SERVOING_READY
46.01,0.6327,-0.0079,0.5481,0.1111,0.6881,0.0698,0.7136,130.11,-19.11,66.58,-108.25,19.14,33.01,131.05,0.803,7.70,26.53,SERVOING_READY
46.14,0.6327,-0.0079,0.5481,0.1111,0.6881,0.0698,0.7136,130.11,-19.11,66.58,-108.25,19.14,33.01,131.05,0.803,7.70,26.53,SERVOING_READY
46.26,0.6327,-0.0079,0.5481,0.1111,0.6881,0.0698,0.7136,130.11,-19.11,66.58,-108.25,19.14,33.01,131.05,0.803,7.70,26.53,SERVOING_READY
46.39,0.6327,-0.0079,0.5481,0.1111,0.6881,0.0698,0.7136,130.11,-19.11,66.58,-108.25,19.14,33.01,131.05,0.803,7.70,26.53,SERVOING_READY
