t,j1_deg,j2_deg,j3_deg,j4_deg,j5_deg,j6_deg,j7_deg,x,y,z,qx,qy,qz,qw,gripper
0.04,145.42,-75.08,22.74,-44.91,-127.17,112.39,149.96,0.5435,0.0482,0.2388,-0.7046,0.0598,0.0598,-0.7045,0.8139
0.14,145.42,-75.08,22.74,-44.91,-127.17,112.39,149.96,0.5435,0.0482,0.2388,-0.7046,0.0598,0.0598,-0.7045,0.8139
0.25,145.42,-75.08,22.74,-44.91,-127.17,112.39,149.96,0.5435,0.0482,0.2388,-0.7046,0.0598,0.0598,-0.7045,0.8139
0.35,145.42,-75.08,22.74,-44.91,-127.17,112.39,149.96,0.5435,0.0482,0.2388,-0.7046,0.0598,0.0598,-0.7045,0.8139
0.45,145.42,-75.08,22.74,-44.91,-127.17,112.39,149.96,0.5435,0.0482,0.2388,-0.7046,0.0598,0.0598,-0.7045,0.8139
0.55,145.42,-75.08,22.74,-44.91,-127.17,112.39,149.96,0.5435,0.0482,0.2388,-0.7046,0.0598,0.0598,-0.7045,0.8139
0.65,145.42,-75.08,22.74,-44.91,-127.17,112.39,149.96,0.5435,0.0482,0.2388,-0.7046,0.0598,0.0598,-0.7045,0.8139
0.76,145.42,-75.08,22.74,-44.91,-127.17,112.39,149.96,0.5435,0.0482,0.2388,-0.7046,0.0598,0.0598,-0.7045,0.8139
0.86,145.42,-75.08,22.74,-44.91,-127.17,112.39,149.96,0.5435,0.0482,0.2388,-0.7046,0.0598,0.0598,-0.7045,0.8139
0.96,145.42,-75.08,22.74,-44.91,-127.17,112.39,149.96,0.5435,0.0482,0.2388,-0.7046,0.0598,0.0598,-0.7045,0.8139
1.06,145.42,-75.08,22.74,-44.91,-127.17,112.39,149.96,0.5435,0.0482,0.2388,-0.7046,0.0598,0.0598,-0.7045,0.8139
1.16,145.42,-75.08,22.74,-44.91,-127.17,112.39,149.96,0.5435,0.0482,0.2388,-0.7046,0.0598,0.0598,-0.7045,0.8139
1.26,145.42,-75.08,22.74,-44.91,-127.17,112.39,149.96,0.5435,0.0482,0.2388,-0.7046,0.0598,0.0598,-0.7045,0.8139
1.37,145.42,-75.08,22.74,-44.91,-127.17,112.39,149.96,0.5435,0.0482,0.2388,-0.7046,0.0598,0.0598,-0.7045,0.8139
1.47,145.42,-75.08,22.74,-44.91,-127.17,112.39,149.96,0.5435,0.0482,0.2388,-0.7046,0.0598,0.0598,-0.7045,0.8139
1.57,145.42,-75.08,22.74,-44.91,-127.17,112.39,149.96,0.5435,0.0482,0.2388,-0.7046,0.0598,0.0598,-0.7045,0.8139
1.67,145.42,-75.08,22.74,-44.91,-127.17,112.39,149.96,0.5435,0.0482,0.2388,-0.7046,0.0598,0.0598,-0.7045,0.8139
1.77,145.42,-75.08,22.74,-44.91,-127.17,112.39,149.96,0.5435,0.0482,0.2388,-0.7046,0.0598,0.0598,-0.7045,0.8139
1.88,145.42,-75.08,22.74,-44.91,-127.17,112.39,149.96,0.5435,0.0482,0.2388,-0.7046,0.0598,0.0598,-0.7045,0.8139
1.98,145.42,-75.08,22.74,-44.91,-127.17,112.39,149.96,0.5435,0.0482,0.2388,-0.7046,0.0598,0.0598,-0.7045,0.8139
2.08,145.42,-75.08,22.74,-44.91,-127.17,112.39,149.96,0.5435,0.0482,0.2388,-0.7046,0.0598,0.0598,-0.7045,0.8139
2.18,145.42,-75.08,22.74,-44.91,-127.17,112.39,149.96,0.5435,0.0482,0.2388,-0.7046,0.0598,0.0598,-0.7045,0.8139
2.28,145.42,-75.08,22.74,-44.91,-127.17,112.39,149.96,0.5435,0.0482,0.2388,-0.7046,0.0598,0.0598,-0.7045,0.8139
2.39,145.42,-75.08,22.74,-44.91,-127.17,112.39,149.96,0.5435,0.0482,0.2388,-0.7046,0.0598,0.0598,-0.7045,0.8139
2.49,145.42,-75.08,22.74,-44.91,-127.17,112.39,149.96,0.5435,0.0482,0.2388,-0.7046,0.0598,0.0598,-0.7045,0.8139
2.59,145.42,-75.08,22.74,-44.91,-127.17,112.39,149.96,0.5435,0.0482,0.2388,-0.7046,0.0598,0.0598,-0.7045,0.8139
2.69,145.42,-75.08,22.74,-44.91,-127.17,112.39,149.96,0.5435,0.0482,0.2388,-0.7046,0.0598,0.0598,-0.7045,0.8139
2.79,145.42,-75.08,22.74,-44.91,-127.17,112.39,149.96,0.5435,0.0482,0.2388,-0.7046,0.0598,0.0598,-0.7045,0.8139
2.90,145.42,-75.08,22.74,-44.91,-127.17,112.39,149.96,0.5435,0.0482,0.2388,-0.7046,0.0598,0.0598,-0.7045,0.8139
3.00,145.42,-75.08,22.74,-44.91,-127.17,112.39,149.96,0.5435,0.0482,0.2388,-0.7046,0.0598,0.0598,-0.7045,0.8139
3.10,145.42,-75.08,22.74,-44.91,-127.17,112.39,149.96,0.5435,0.0482,0.2388,-0.7046,0.0598,0.0598,-0.7045,0.8139
3.20,145.42,-75.08,22.74,-44.91,-127.17,112.39,149.96,0.5435,0.0482,0.2388,-0.7046,0.0598,0.0598,-0.7045,0.8139
3.30,145.42,-75.08,22.74,-44.91,-127.17,112.39,149.96,0.5435,0.0482,0.2388,-0.7046,0.0598,0.0598,-0.7045,0.8139
3.41,145.42,-75.08,22.74,-44.91,-127.17,112.39,149.96,0.5435,0.0482,0.2388,-0.7046,0.0598,0.0598,-0.7045,0.8139
3.51,145.42,-75.08,22.74,-44.91,-127.17,112.39,149.96,0.5435,0.0482,0.2388,-0.7046,0.0598,0.0598,-0.7045,0.8139
3.61,145.42,-75.08,22.74,-44.91,-127.17,112.39,149.96,0.5435,0.0482,0.2388,-0.7046,0.0598,0.0598,-0.7045,0.8139
3.71,145.42,-75.08,22.74,-44.91,-127.17,112.39,149.96,0.5435,0.0482,0.2388,-0.7046,0.0598,0.0598,-0.7045,0.8139
3.81,145.42,-75.08,22.74,-44.91,-127.17,112.39,149.96,0.5435,0.0482,0.2388,-0.7046,0.0598,0.0598,-0.7045,0.8139
3.91,145.42,-75.08,22.74,-44.91,-127.17,112.39,149.96,0.5435,0.0482,0.2388,-0.7046,0.0598,0.0598,-0.7045,0.8139
4.02,145.42,-75.08,22.74,-44.91,-127.17,112.39,149.96,0.5435,0.0482,0.2388,-0.7046,0.0598,0.0598,-0.7045,0.8139
4.12,145.42,-75.08,22.74,-44.91,-127.17,112.39,149.96,0.5435,0.0482,0.2388,-0.7046,0.0598,0.0598,-0.7045,0.8139
4.23,145.42,-75.08,22.74,-44.91,-127.17,112.39,149.96,0.5435,0.0482,0.2388,-0.7046,0.0598,0.0598,-0.7045,0.8139
4.33,145.42,-75.08,22.74,-44.91,-127.17,112.39,149.96,0.5435,0.0482,0.2388,-0.7046,0.0598,0.0598,-0.7045,0.8139
4.43,145.42,-75.08,22.74,-44.91,-127.17,112.39,149.96,0.5435,0.0482,0.2388,-0.7046,0.0598,0.0598,-0.7045,0.8139
4.53,145.42,-75.08,22.74,-44.91,-127.17,112.39,149.96,0.5435,0.0482,0.2388,-0.7046,0.0598,0.0598,-0.7045,0.8139
4.63,145.42,-75.08,22.74,-44.91,-127.17,112.39,149.96,0.5435,0.0482,0.2388,-0.7046,0.0598,0.0598,-0.7045,0.8139
4.74,145.42,-75.08,22.74,-44.91,-127.17,112.39,149.96,0.5435,0.0482,0.2388,-0.7046,0.0598,0.0598,-0.7045,0.8139
4.84,145.42,-75.08,22.74,-44.91,-127.17,112.39,149.96,0.5435,0.0482,0.2388,-0.7046,0.0598,0.0598,-0.7045,0.8139
4.94,145.42,-75.08,22.74,-44.91,-127.17,112.39,149.96,0.5435,0.0482,0.2388,-0.7046,0.0598,0.0598,-0.7045,0.8139
5.04,145.42,-75.08,22.74,-44.91,-127.17,112.39,149.96,0.5435,0.0482,0.2388,-0.7046,0.0598,0.0598,-0.7045,0.8139
5.14,145.42,-75.08,22.74,-44.91,-127.17,112.39,149.96,0.5435,0.0482,0.2388,-0.7046,0.0598,0.0598,-0.7045,0.8139
5.24,145.42,-75.08,22.74,-44.91,-127.17,112.39,149.96,0.5435,0.0482,0.2388,-0.7046,0.0598,0.0598,-0.7045,0.8139
5.35,145.42,-75.08,22.74,-44.91,-127.17,112.39,149.96,0.5435,0.0482,0.2388,-0.7046,0.0598,0.0598,-0.7045,0.8139
5.45,145.42,-75.08,22.74,-44.91,-127.17,112.39,149.96,0.5435,0.0482,0.2388,-0.7046,0.0598,0.0598,-0.7045,0.8139
5.55,145.42,-75.08,22.74,-44.91,-127.17,112.39,149.96,0.5435,0.0482,0.2388,-0.7046,0.0598,0.0598,-0.7045,0.8139
5.65,145.42,-75.08,22.74,-44.91,-127.17,112.39,149.96,0.5435,0.0482,0.2388,-0.7046,0.0598,0.0598,-0.7045,0.8139
5.75,145.42,-75.08,22.74,-44.91,-127.17,112.39,149.96,0.5435,0.0482,0.2388,-0.7046,0.0598,0.0598,-0.7045,0.8139
5.86,145.42,-75.08,22.74,-44.91,-127.17,112.39,149.96,0.5435,0.0482,0.2388,-0.7046,0.0598,0.0598,-0.7045,0.8139
5.96,145.42,-75.08,22.74,-44.91,-127.17,112.39,149.96,0.5435,0.0482,0.2388,-0.7046,0.0598,0.0598,-0.7045,0.8139
6.06,145.42,-75.08,22.74,-44.91,-127.17,112.39,149.96,0.5435,0.0482,0.2388,-0.7046,0.0598,0.0598,-0.7045,0.8139
6.16,145.42,-75.08,22.74,-44.91,-127.17,112.39,149.96,0.5435,0.0482,0.2388,-0.7046,0.0598,0.0598,-0.7045,0.8139
6.26,145.42,-75.08,22.74,-44.91,-127.17,112.39,149.96,0.5435,0.0482,0.2388,-0.7046,0.0598,0.0598,-0.7045,0.8139
6.36,145.42,-75.08,22.74,-44.91,-127.16,112.39,149.96,0.5435,0.0482,0.2388,-0.7046,0.0598,0.0598,-0.7045,0.8139
6.47,145.42,-75.08,22.74,-44.91,-127.16,112.39,149.96,0.5435,0.0482,0.2388,-0.7046,0.0598,0.0598,-0.7045,0.8139
6.57,145.42,-75.08,22.74,-44.91,-127.16,112.39,149.96,0.5435,0.0482,0.2388,-0.7046,0.0598,0.0598,-0.7045,0.8139
6.67,145.42,-75.08,22.74,-44.91,-127.16,112.39,149.96,0.5435,0.0482,0.2388,-0.7046,0.0598,0.0598,-0.7045,0.8139
6.77,145.42,-75.08,22.74,-44.91,-127.16,112.39,149.96,0.5435,0.0482,0.2388,-0.7046,0.0598,0.0598,-0.7045,0.8139
6.87,145.42,-75.08,22.74,-44.91,-127.16,112.39,149.96,0.5435,0.0482,0.2388,-0.7046,0.0598,0.0598,-0.7045,0.8139
6.98,145.42,-75.08,22.74,-44.91,-127.16,112.39,149.96,0.5435,0.0482,0.2388,-0.7046,0.0598,0.0598,-0.7045,0.8139
7.08,145.42,-75.08,22.74,-44.91,-127.16,112.39,149.96,0.5435,0.0482,0.2388,-0.7046,0.0598,0.0598,-0.7045,0.8139
7.18,145.42,-75.08,22.74,-44.91,-127.16,112.39,149.96,0.5435,0.0482,0.2388,-0.7046,0.0598,0.0598,-0.7045,0.8139
7.28,145.42,-75.08,22.74,-44.91,-127.16,112.39,149.96,0.5435,0.0482,0.2388,-0.7046,0.0598,0.0598,-0.7045,0.8139
7.38,145.42,-75.08,22.74,-44.91,-127.16,112.39,149.96,0.5435,0.0482,0.2388,-0.7046,0.0598,0.0598,-0.7045,0.8139
7.49,145.42,-75.08,22.74,-44.91,-127.16,112.39,149.96,0.5435,0.0482,0.2388,-0.7046,0.0598,0.0598,-0.7045,0.8139
7.59,145.42,-75.08,22.74,-44.91,-127.16,112.39,149.96,0.5435,0.0482,0.2388,-0.7046,0.0598,0.0598,-0.7045,0.8139
7.69,145.42,-75.08,22.74,-44.91,-127.16,112.39,149.96,0.5435,0.0482,0.2388,-0.7046,0.0598,0.0598,-0.7045,0.8139
7.79,145.42,-75.08,22.74,-44.91,-127.16,112.39,149.96,0.5435,0.0482,0.2388,-0.7046,0.0598,0.0598,-0.7045,0.8139
7.89,145.42,-75.08,22.74,-44.91,-127.16,112.39,149.96,0.5435,0.0482,0.2388,-0.7046,0.0598,0.0598,-0.7045,0.8139
7.99,145.42,-75.08,22.74,-44.91,-127.16,112.39,149.96,0.5435,0.0482,0.2388,-0.7046,0.0598,0.0598,-0.7045,0.8139
8.10,145.42,-75.08,22.74,-44.91,-127.16,112.39,149.96,0.5435,0.0482,0.2388,-0.7046,0.0598,0.0598,-0.7045,0.8139
8.20,145.42,-75.08,22.74,-44.91,-127.16,112.39,149.96,0.5435,0.0482,0.2388,-0.7046,0.0598,0.0598,-0.7045,0.8139
8.30,145.42,-75.08,22.74,-44.91,-127.16,112.39,149.96,0.5435,0.0482,0.2388,-0.7046,0.0598,0.0598,-0.7045,0.8139
8.40,145.42,-75.08,22.74,-44.91,-127.16,112.39,149.96,0.5435,0.0482,0.2388,-0.7046,0.0598,0.0598,-0.7045,0.8139
8.50,145.42,-75.08,22.74,-44.91,-127.16,112.39,149.96,0.5435,0.0482,0.2388,-0.7046,0.0598,0.0598,-0.7045,0.8139
8.61,145.42,-75.08,22.74,-44.91,-127.16,112.39,149.96,0.5435,0.0482,0.2388,-0.7046,0.0598,0.0598,-0.7045,0.8139
8.71,145.42,-75.08,22.74,-44.91,-127.16,112.39,149.96,0.5435,0.0482,0.2388,-0.7046,0.0598,0.0598,-0.7045,0.8139
8.81,145.42,-75.08,22.74,-44.91,-127.16,112.39,149.96,0.5435,0.0482,0.2388,-0.7046,0.0598,0.0598,-0.7045,0.8139
8.91,145.42,-75.08,22.74,-44.91,-127.16,112.39,149.96,0.5435,0.0482,0.2388,-0.7046,0.0598,0.0598,-0.7045,0.8139
9.01,145.42,-75.08,22.74,-44.91,-127.16,112.39,149.96,0.5435,0.0482,0.2388,-0.7046,0.0598,0.0598,-0.7045,0.8139
9.11,145.42,-75.08,22.74,-44.91,-127.16,112.39,149.96,0.5435,0.0482,0.2388,-0.7046,0.0598,0.0598,-0.7045,0.8139
9.22,145.42,-75.08,22.74,-44.91,-127.16,112.39,149.96,0.5435,0.0482,0.2388,-0.7046,0.0598,0.0598,-0.7045,0.8139
9.32,145.42,-75.08,22.74,-44.91,-127.16,112.39,149.96,0.5435,0.0482,0.2388,-0.7046,0.0598,0.0598,-0.7045,0.8139
9.42,145.42,-75.08,22.74,-44.91,-127.16,112.39,149.96,0.5435,0.0482,0.2388,-0.7046,0.0598,0.0598,-0.7045,0.8139
9.52,145.42,-75.08,22.74,-44.91,-127.16,112.39,149.96,0.5435,0.0482,0.2388,-0.7046,0.0598,0.0598,-0.7045,0.8139
9.62,145.42,-75.08,22.74,-44.91,-127.16,112.39,149.96,0.5435,0.0482,0.2388,-0.7046,0.0598,0.0598,-0.7045,0.8139
9.73,145.42,-75.08,22.74,-44.91,-127.16,112.39,149.96,0.5435,0.0482,0.2388,-0.7046,0.0598,0.0598,-0.7045,0.8139
9.83,145.42,-75.08,22.74,-44.91,-127.16,112.39,149.96,0.5435,0.0482,0.2388,-0.7046,0.0598,0.0598,-0.7045,0.8139
9.93,145.42,-75.08,22.74,-44.91,-127.16,112.39,149.96,0.5435,0.0482,0.2388,-0.7046,0.0598,0.0598,-0.7045,0.8139
10.03,145.42,-75.08,22.74,-44.91,-127.16,112.39,149.96,0.5435,0.0482,0.2388,-0.7046,0.0598,0.0598,-0.7045,0.8139
10.13,145.42,-75.08,22.74,-44.91,-127.16,112.39,149.96,0.5435,0.0482,0.2388,-0.7046,0.0598,0.0598,-0.7045,0.8139
10.23,145.42,-75.08,22.74,-44.91,-127.16,112.39,149.96,0.5435,0.0482,0.2388,-0.7046,0.0598,0.0598,-0.7045,0.8139
10.34,145.42,-75.08,22.74,-44.91,-127.16,112.39,149.96,0.5435,0.0482,0.2388,-0.7046,0.0598,0.0598,-0.7045,0.8139
10.44,145.42,-75.08,22.74,-44.91,-127.16,112.39,149.96,0.5435,0.0482,0.2388,-0.7046,0.0598,0.0598,-0.7045,0.8139
10.54,145.42,-75.08,22.74,-44.91,-127.16,112.39,149.96,0.5435,0.0482,0.2388,-0.7046,0.0598,0.0598,-0.7045,0.8139
10.64,145.42,-75.08,22.74,-44.91,-127.16,112.39,149.96,0.5435,0.0482,0.2388,-0.7046,0.0598,0.0598,-0.7045,0.8139
10.74,145.42,-75.08,22.74,-44.91,-127.16,112.39,149.96,0.5435,0.0482,0.2388,-0.7046,0.0598,0.0598,-0.7045,0.8139
10.85,145.42,-75.08,22.74,-44.91,-127.16,112.39,149.96,0.5435,0.0482,0.2388,-0.7046,0.0598,0.0598,-0.7045,0.8139
10.95,145.42,-75.08,22.74,-44.91,-127.16,112.39,149.96,0.5435,0.0482,0.2388,-0.7046,0.0598,0.0598,-0.7045,0.8139
11.05,145.42,-75.08,22.74,-44.91,-127.16,112.39,149.96,0.5435,0.0482,0.2388,-0.7046,0.0598,0.0598,-0.7045,0.8139
11.16,145.42,-75.08,22.74,-44.91,-127.16,112.39,149.96,0.5435,0.0482,0.2388,-0.7046,0.0598,0.0598,-0.7045,0.8139
11.26,145.42,-75.08,22.74,-44.91,-127.16,112.39,149.96,0.5435,0.0482,0.2388,-0.7046,0.0598,0.0598,-0.7045,0.8139
11.36,145.42,-75.08,22.74,-44.91,-127.16,112.39,149.96,0.5435,0.0482,0.2388,-0.7046,0.0598,0.0598,-0.7045,0.8139
11.46,145.42,-75.08,22.74,-44.91,-127.16,112.39,149.96,0.5435,0.0482,0.2388,-0.7046,0.0598,0.0598,-0.7045,0.8139
11.56,145.42,-75.08,22.74,-44.91,-127.16,112.39,149.96,0.5435,0.0482,0.2388,-0.7046,0.0598,0.0598,-0.7045,0.8139
11.67,145.42,-75.08,22.74,-44.91,-127.16,112.39,149.96,0.5435,0.0482,0.2388,-0.7046,0.0598,0.0598,-0.7045,0.8139
11.77,145.42,-75.08,22.74,-44.91,-127.16,112.39,149.96,0.5435,0.0482,0.2388,-0.7046,0.0598,0.0598,-0.7045,0.8139
11.87,145.42,-75.08,22.74,-44.91,-127.16,112.39,149.96,0.5435,0.0482,0.2388,-0.7046,0.0598,0.0598,-0.7045,0.8139
11.97,145.42,-75.08,22.74,-44.91,-127.16,112.39,149.96,0.5435,0.0482,0.2388,-0.7046,0.0598,0.0598,-0.7045,0.8139
12.07,145.42,-75.08,22.74,-44.91,-127.16,112.39,149.96,0.5435,0.0482,0.2388,-0.7046,0.0598,0.0598,-0.7045,0.8139
12.18,145.42,-75.08,22.74,-44.91,-127.16,112.39,149.96,0.5435,0.0482,0.2388,-0.7046,0.0598,0.0598,-0.7045,0.8139
12.28,145.42,-75.08,22.74,-44.91,-127.16,112.39,149.96,0.5435,0.0482,0.2388,-0.7046,0.0598,0.0598,-0.7045,0.8139
12.38,145.42,-75.08,22.74,-44.91,-127.16,112.39,149.96,0.5435,0.0482,0.2388,-0.7046,0.0598,0.0598,-0.7045,0.8139
12.48,145.42,-75.08,22.74,-44.91,-127.16,112.39,149.96,0.5435,0.0482,0.2388,-0.7046,0.0598,0.0598,-0.7045,0.8139
12.58,145.42,-75.08,22.74,-44.91,-127.16,112.39,149.96,0.5435,0.0482,0.2388,-0.7046,0.0598,0.0598,-0.7045,0.8139
12.69,145.42,-75.08,22.74,-44.91,-127.16,112.39,149.96,0.5435,0.0482,0.2388,-0.7046,0.0598,0.0598,-0.7045,0.8139
12.79,145.42,-75.08,22.74,-44.91,-127.16,112.39,149.96,0.5435,0.0482,0.2388,-0.7046,0.0598,0.0598,-0.7045,0.8139
12.89,145.42,-75.08,22.74,-44.91,-127.16,112.39,149.96,0.5435,0.0482,0.2388,-0.7046,0.0598,0.0598,-0.7045,0.8139
12.99,145.42,-75.08,22.74,-44.91,-127.16,112.39,149.96,0.5435,0.0482,0.2388,-0.7046,0.0598,0.0598,-0.7045,0.8139
13.09,145.42,-75.08,22.74,-44.91,-127.16,112.39,149.96,0.5435,0.0482,0.2388,-0.7046,0.0598,0.0598,-0.7045,0.8139
13.20,145.42,-75.08,22.74,-44.91,-127.16,112.39,149.96,0.5435,0.0482,0.2388,-0.7046,0.0598,0.0598,-0.7045,0.8139
13.30,145.42,-75.08,22.74,-44.91,-127.16,112.39,149.96,0.5435,0.0482,0.2388,-0.7046,0.0598,0.0598,-0.7045,0.8139
13.40,145.42,-75.08,22.74,-44.91,-127.16,112.39,149.96,0.5435,0.0482,0.2388,-0.7046,0.0598,0.0598,-0.7045,0.8139
13.50,145.42,-75.08,22.74,-44.91,-127.16,112.39,149.96,0.5435,0.0482,0.2388,-0.7046,0.0598,0.0598,-0.7045,0.8139
13.60,145.42,-75.08,22.74,-44.91,-127.16,112.39,149.96,0.5435,0.0482,0.2388,-0.7046,0.0598,0.0598,-0.7045,0.8139
13.71,145.42,-75.08,22.74,-44.91,-127.16,112.39,149.96,0.5435,0.0482,0.2388,-0.7046,0.0598,0.0598,-0.7045,0.8139
13.81,145.42,-75.08,22.74,-44.91,-127.16,112.39,149.96,0.5435,0.0482,0.2388,-0.7046,0.0598,0.0598,-0.7045,0.8139
13.91,145.42,-75.08,22.74,-44.91,-127.16,112.39,149.96,0.5435,0.0482,0.2388,-0.7046,0.0598,0.0598,-0.7045,0.8139
14.01,145.42,-75.08,22.74,-44.91,-127.16,112.39,149.96,0.5435,0.0482,0.2388,-0.7046,0.0598,0.0598,-0.7045,0.8139
14.11,145.42,-75.08,22.74,-44.91,-127.16,112.39,149.96,0.5435,0.0482,0.2388,-0.7046,0.0598,0.0598,-0.7045,0.8139
14.22,145.42,-75.08,22.74,-44.91,-127.16,112.39,149.96,0.5435,0.0482,0.2388,-0.7046,0.0598,0.0598,-0.7045,0.8139
14.32,145.42,-75.08,22.74,-44.91,-127.16,112.39,149.96,0.5435,0.0482,0.2388,-0.7046,0.0598,0.0598,-0.7045,0.8139
14.42,145.42,-75.08,22.74,-44.91,-127.16,112.39,149.96,0.5435,0.0482,0.2388,-0.7046,0.0598,0.0598,-0.7045,0.8139
14.52,145.42,-75.08,22.74,-44.91,-127.16,112.39,149.96,0.5435,0.0482,0.2388,-0.7046,0.0598,0.0598,-0.7045,0.8139
14.62,145.42,-75.08,22.74,-44.91,-127.16,112.39,149.96,0.5435,0.0482,0.2388,-0.7046,0.0598,0.0598,-0.7045,0.8139
14.73,145.42,-75.08,22.74,-44.91,-127.16,112.39,149.96,0.5435,0.0482,0.2388,-0.7046,0.0598,0.0598,-0.7045,0.8139
14.83,145.42,-75.08,22.74,-44.91,-127.16,112.39,149.96,0.5435,0.0482,0.2388,-0.7046,0.0598,0.0598,-0.7045,0.8139
14.93,145.42,-75.08,22.74,-44.91,-127.16,112.39,149.96,0.5435,0.0482,0.2388,-0.7046,0.0598,0.0598,-0.7045,0.8139
15.03,145.42,-75.08,22.74,-44.91,-127.16,112.39,149.96,0.5435,0.0482,0.2388,-0.7046,0.0598,0.0598,-0.7045,0.8139
15.13,145.42,-75.08,22.74,-44.91,-127.16,112.39,149.96,0.5435,0.0482,0.2388,-0.7046,0.0598,0.0598,-0.7045,0.8139
15.24,145.42,-75.08,22.74,-44.91,-127.16,112.39,149.96,0.5435,0.0482,0.2388,-0.7046,0.0598,0.0598,-0.7045,0.8139
15.34,145.42,-75.08,22.74,-44.91,-127.16,112.39,149.96,0.5435,0.0482,0.2388,-0.7046,0.0598,0.0598,-0.7045,0.8139
15.44,145.42,-75.08,22.74,-44.91,-127.16,112.39,149.96,0.5435,0.0482,0.2388,-0.7046,0.0598,0.0598,-0.7045,0.8139
15.54,145.42,-75.08,22.74,-44.91,-127.16,112.39,149.96,0.5435,0.0482,0.2388,-0.7046,0.0598,0.0598,-0.7045,0.8139
15.64,145.42,-75.08,22.74,-44.91,-127.16,112.39,149.96,0.5435,0.0482,0.2388,-0.7046,0.0598,0.0598,-0.7045,0.8139
15.75,145.42,-75.08,22.74,-44.91,-127.16,112.39,149.96,0.5435,0.0482,0.2388,-0.7046,0.0598,0.0598,-0.7045,0.8139
15.85,145.42,-75.08,22.74,-44.91,-127.16,112.39,149.96,0.5435,0.0482,0.2388,-0.7046,0.0598,0.0598,-0.7045,0.8139
15.95,145.42,-75.08,22.74,-44.91,-127.16,112.39,149.96,0.5435,0.0482,0.2388,-0.7046,0.0598,0.0598,-0.7045,0.8139
16.05,145.42,-75.08,22.74,-44.91,-127.16,112.39,149.96,0.5435,0.0482,0.2388,-0.7046,0.0598,0.0598,-0.7045,0.8139
16.16,145.42,-75.08,22.74,-44.91,-127.16,112.39,149.96,0.5435,0.0482,0.2388,-0.7046,0.0598,0.0598,-0.7045,0.8139
16.26,145.42,-75.08,22.74,-44.91,-127.16,112.39,149.96,0.5435,0.0482,0.2388,-0.7046,0.0598,0.0598,-0.7045,0.8139
16.36,145.42,-75.08,22.74,-44.91,-127.16,112.39,149.96,0.5435,0.0482,0.2388,-0.7046,0.0598,0.0598,-0.7045,0.8139
16.46,145.42,-75.08,22.74,-44.91,-127.16,112.39,149.96,0.5435,0.0482,0.2388,-0.7046,0.0598,0.0598,-0.7045,0.8139
16.56,145.42,-75.08,22.74,-44.91,-127.16,112.39,149.96,0.5435,0.0482,0.2388,-0.7046,0.0598,0.0598,-0.7045,0.8139
16.67,145.42,-75.08,22.74,-44.91,-127.16,112.39,149.96,0.5435,0.0482,0.2388,-0.7046,0.0598,0.0598,-0.7045,0.8139
16.77,145.42,-75.08,22.74,-44.91,-127.16,112.39,149.96,0.5435,0.0482,0.2388,-0.7046,0.0598,0.0598,-0.7045,0.8139
16.87,145.42,-75.08,22.74,-44.91,-127.16,112.39,149.96,0.5435,0.0482,0.2388,-0.7046,0.0598,0.0598,-0.7045,0.8139
16.97,145.42,-75.08,22.74,-44.91,-127.16,112.39,149.96,0.5435,0.0482,0.2388,-0.7046,0.0598,0.0598,-0.7045,0.8139
17.07,145.42,-75.08,22.74,-44.91,-127.16,112.39,149.96,0.5435,0.0482,0.2388,-0.7046,0.0598,0.0598,-0.7045,0.8139
17.17,145.42,-75.08,22.74,-44.91,-127.16,112.39,149.96,0.5435,0.0482,0.2388,-0.7046,0.0598,0.0598,-0.7045,0.8139
17.28,145.42,-75.08,22.74,-44.91,-127.16,112.39,149.96,0.5435,0.0482,0.2388,-0.7046,0.0598,0.0598,-0.7045,0.8139
17.38,145.42,-75.08,22.74,-44.91,-127.16,112.39,149.96,0.5435,0.0482,0.2388,-0.7046,0.0598,0.0598,-0.7045,0.8139
17.48,145.42,-75.08,22.74,-44.91,-127.16,112.39,149.96,0.5435,0.0482,0.2388,-0.7046,0.0598,0.0598,-0.7045,0.8139
17.58,145.42,-75.08,22.74,-44.91,-127.16,112.39,149.96,0.5435,0.0482,0.2388,-0.7046,0.0598,0.0598,-0.7045,0.8139
17.68,145.42,-75.08,22.74,-44.91,-127.16,112.39,149.96,0.5435,0.0482,0.2388,-0.7046,0.0598,0.0598,-0.7045,0.8139
17.79,145.42,-75.08,22.74,-44.91,-127.16,112.39,149.96,0.5435,0.0482,0.2388,-0.7046,0.0598,0.0598,-0.7045,0.8139
17.89,145.42,-75.08,22.74,-44.91,-127.16,112.39,149.96,0.5435,0.0482,0.2388,-0.7046,0.0598,0.0598,-0.7045,0.8139
17.99,145.42,-75.08,22.74,-44.91,-127.16,112.39,149.96,0.5435,0.0482,0.2388,-0.7046,0.0598,0.0598,-0.7045,0.8139
18.09,145.42,-75.08,22.74,-44.91,-127.16,112.39,149.96,0.5435,0.0482,0.2388,-0.7046,0.0598,0.0598,-0.7045,0.8139
18.19,145.42,-75.08,22.74,-44.91,-127.16,112.39,149.96,0.5435,0.0482,0.2388,-0.7046,0.0598,0.0598,-0.7045,0.8139
18.29,145.42,-75.08,22.74,-44.91,-127.16,112.39,149.96,0.5435,0.0482,0.2388,-0.7046,0.0598,0.0598,-0.7045,0.8139
18.40,145.42,-75.08,22.74,-44.91,-127.16,112.39,149.96,0.5435,0.0482,0.2388,-0.7046,0.0598,0.0598,-0.7045,0.8139
18.50,145.42,-75.08,22.74,-44.91,-127.16,112.39,149.96,0.5435,0.0482,0.2388,-0.7046,0.0598,0.0598,-0.7045,0.8139
18.60,145.42,-75.08,22.74,-44.91,-127.16,112.39,149.96,0.5435,0.0482,0.2388,-0.7046,0.0598,0.0598,-0.7045,0.8139
18.70,145.42,-75.08,22.74,-44.91,-127.16,112.39,149.96,0.5435,0.0482,0.2388,-0.7046,0.0598,0.0598,-0.7045,0.8139
18.81,145.42,-75.08,22.74,-44.91,-127.16,112.39,149.96,0.5435,0.0482,0.2388,-0.7046,0.0598,0.0598,-0.7045,0.8139
18.91,145.42,-75.08,22.74,-44.91,-127.16,112.39,149.96,0.5435,0.0482,0.2388,-0.7046,0.0598,0.0598,-0.7045,0.8139
19.01,145.42,-75.08,22.74,-44.91,-127.16,112.39,149.96,0.5435,0.0482,0.2388,-0.7046,0.0598,0.0598,-0.7045,0.8139
19.11,145.42,-75.08,22.74,-44.91,-127.16,112.39,149.96,0.5435,0.0482,0.2388,-0.7046,0.0598,0.0598,-0.7045,0.8139
19.21,145.42,-75.08,22.74,-44.91,-127.16,112.39,149.96,0.5435,0.0482,0.2388,-0.7046,0.0598,0.0598,-0.7045,0.8139
19.32,145.42,-75.08,22.74,-44.91,-127.16,112.39,149.96,0.5435,0.0482,0.2388,-0.7046,0.0598,0.0598,-0.7045,0.8139
19.42,145.42,-75.08,22.74,-44.91,-127.16,112.39,149.96,0.5435,0.0482,0.2388,-0.7046,0.0598,0.0598,-0.7045,0.8139
19.52,145.42,-75.08,22.74,-44.91,-127.16,112.39,149.96,0.5435,0.0482,0.2388,-0.7046,0.0598,0.0598,-0.7045,0.8139
19.62,145.42,-75.08,22.74,-44.91,-127.16,112.39,149.96,0.5435,0.0482,0.2388,-0.7046,0.0598,0.0598,-0.7045,0.8139
19.72,145.42,-75.08,22.74,-44.91,-127.16,112.39,149.96,0.5435,0.0482,0.2388,-0.7046,0.0598,0.0598,-0.7045,0.8139
19.83,145.42,-75.08,22.74,-44.91,-127.16,112.39,149.96,0.5435,0.0482,0.2388,-0.7046,0.0598,0.0598,-0.7045,0.8139
19.93,145.42,-75.08,22.74,-44.91,-127.16,112.39,149.96,0.5435,0.0482,0.2388,-0.7046,0.0598,0.0598,-0.7045,0.8139
20.03,145.42,-75.08,22.74,-44.91,-127.16,112.39,149.96,0.5435,0.0482,0.2388,-0.7046,0.0598,0.0598,-0.7045,0.8139
20.13,145.42,-75.08,22.74,-44.91,-127.16,112.39,149.96,0.5435,0.0482,0.2388,-0.7046,0.0598,0.0598,-0.7045,0.8139
20.23,145.42,-75.08,22.74,-44.91,-127.16,112.39,149.96,0.5435,0.0482,0.2388,-0.7046,0.0598,0.0598,-0.7045,0.8139
20.34,145.42,-75.08,22.74,-44.91,-127.16,112.39,149.96,0.5435,0.0482,0.2388,-0.7046,0.0598,0.0598,-0.7045,0.8139
20.44,145.42,-75.08,22.74,-44.91,-127.16,112.39,149.96,0.5435,0.0482,0.2388,-0.7046,0.0598,0.0598,-0.7045,0.8139
20.54,145.42,-75.08,22.74,-44.91,-127.16,112.39,149.96,0.5435,0.0482,0.2388,-0.7046,0.0598,0.0598,-0.7045,0.8139
20.64,145.42,-75.08,22.74,-44.91,-127.16,112.39,149.96,0.5435,0.0482,0.2388,-0.7046,0.0598,0.0598,-0.7045,0.8139
20.75,145.42,-75.08,22.74,-44.91,-127.16,112.39,149.96,0.5435,0.0482,0.2388,-0.7046,0.0598,0.0598,-0.7045,0.8139
20.85,145.42,-75.08,22.74,-44.91,-127.16,112.39,149.96,0.5435,0.0482,0.2388,-0.7046,0.0598,0.0598,-0.7045,0.8139
20.95,145.42,-75.08,22.74,-44.91,-127.16,112.39,149.96,0.5435,0.0482,0.2388,-0.7046,0.0598,0.0598,-0.7045,0.8139
21.05,145.42,-75.08,22.74,-44.91,-127.16,112.39,149.96,0.5435,0.0482,0.2388,-0.7046,0.0598,0.0598,-0.7045,0.8139
21.15,145.42,-75.08,22.74,-44.91,-127.16,112.39,149.96,0.5435,0.0482,0.2388,-0.7046,0.0598,0.0598,-0.7045,0.8139
21.26,145.42,-75.08,22.74,-44.91,-127.16,112.39,149.96,0.5435,0.0482,0.2388,-0.7046,0.0598,0.0598,-0.7045,0.8139
21.36,145.42,-75.08,22.74,-44.91,-127.16,112.39,149.96,0.5435,0.0482,0.2388,-0.7046,0.0598,0.0598,-0.7045,0.8139
21.46,145.42,-75.08,22.74,-44.91,-127.16,112.39,149.96,0.5435,0.0482,0.2388,-0.7046,0.0598,0.0598,-0.7045,0.8139
21.56,145.42,-75.08,22.74,-44.91,-127.16,112.39,149.96,0.5435,0.0482,0.2388,-0.7046,0.0598,0.0598,-0.7045,0.8139
21.66,145.42,-75.08,22.74,-44.91,-127.16,112.39,149.96,0.5435,0.0482,0.2388,-0.7046,0.0598,0.0598,-0.7045,0.8139
21.76,145.42,-75.08,22.74,-44.91,-127.16,112.39,149.96,0.5435,0.0482,0.2388,-0.7046,0.0598,0.0598,-0.7045,0.8139
21.87,145.42,-75.08,22.74,-44.91,-127.16,112.39,149.96,0.5435,0.0482,0.2388,-0.7046,0.0598,0.0598,-0.7045,0.8139
21.97,145.42,-75.08,22.74,-44.91,-127.16,112.39,149.96,0.5435,0.0482,0.2388,-0.7046,0.0598,0.0598,-0.7045,0.8139
22.07,145.42,-75.08,22.74,-44.91,-127.16,112.39,149.96,0.5435,0.0482,0.2388,-0.7046,0.0598,0.0598,-0.7045,0.8139
22.17,145.42,-75.08,22.74,-44.91,-127.16,112.39,149.96,0.5435,0.0482,0.2388,-0.7046,0.0598,0.0598,-0.7045,0.8139
22.27,145.42,-75.08,22.74,-44.91,-127.16,112.39,149.96,0.5435,0.0482,0.2388,-0.7046,0.0598,0.0598,-0.7045,0.8139
22.38,145.42,-75.08,22.74,-44.91,-127.16,112.39,149.96,0.5435,0.0482,0.2388,-0.7046,0.0598,0.0598,-0.7045,0.8139
22.48,145.42,-75.08,22.74,-44.91,-127.16,112.39,149.96,0.5435,0.0482,0.2388,-0.7046,0.0598,0.0598,-0.7045,0.8139
22.58,145.42,-75.08,22.74,-44.91,-127.16,112.39,149.96,0.5435,0.0482,0.2388,-0.7046,0.0598,0.0598,-0.7045,0.8139
22.68,145.42,-75.08,22.74,-44.91,-127.16,112.39,149.96,0.5435,0.0482,0.2388,-0.7046,0.0598,0.0598,-0.7045,0.8139
22.78,145.42,-75.08,22.74,-44.91,-127.16,112.39,149.96,0.5435,0.0482,0.2388,-0.7046,0.0598,0.0598,-0.7045,0.8139
22.89,145.42,-75.08,22.74,-44.91,-127.16,112.39,149.96,0.5435,0.0482,0.2388,-0.7046,0.0598,0.0598,-0.7045,0.8139
22.99,145.42,-75.08,22.74,-44.91,-127.16,112.39,149.96,0.5435,0.0482,0.2388,-0.7046,0.0598,0.0598,-0.7045,0.8139
23.09,145.42,-75.08,22.74,-44.91,-127.16,112.39,149.96,0.5435,0.0482,0.2388,-0.7046,0.0598,0.0598,-0.7045,0.8139
23.19,145.42,-75.08,22.74,-44.91,-127.16,112.39,149.96,0.5435,0.0482,0.2388,-0.7046,0.0598,0.0598,-0.7045,0.8139
23.29,145.42,-75.08,22.74,-44.91,-127.16,112.39,149.96,0.5435,0.0482,0.2388,-0.7046,0.0598,0.0598,-0.7045,0.8139
23.40,145.42,-75.08,22.74,-44.91,-127.16,112.39,149.96,0.5435,0.0482,0.2388,-0.7046,0.0598,0.0598,-0.7045,0.8139
23.50,145.42,-75.08,22.74,-44.91,-127.17,112.39,149.96,0.5435,0.0482,0.2388,-0.7046,0.0598,0.0598,-0.7045,0.8139
23.60,145.42,-75.08,22.74,-44.91,-127.17,112.39,149.96,0.5435,0.0482,0.2388,-0.7046,0.0598,0.0598,-0.7045,0.8139
23.70,145.42,-75.08,22.74,-44.91,-127.16,112.39,149.96,0.5435,0.0482,0.2388,-0.7046,0.0598,0.0598,-0.7045,0.8139
23.80,145.42,-75.08,22.74,-44.91,-127.17,112.39,149.96,0.5435,0.0482,0.2388,-0.7046,0.0598,0.0598,-0.7045,0.8139
23.90,145.42,-75.08,22.74,-44.91,-127.17,112.39,149.96,0.5435,0.0482,0.2388,-0.7046,0.0598,0.0598,-0.7045,0.8139
24.01,145.42,-75.08,22.74,-44.91,-127.17,112.39,149.96,0.5435,0.0482,0.2388,-0.7046,0.0598,0.0598,-0.7045,0.8139
24.11,145.42,-75.08,22.74,-44.91,-127.17,112.39,149.96,0.5435,0.0482,0.2388,-0.7046,0.0598,0.0598,-0.7045,0.8139
24.21,145.42,-75.08,22.74,-44.91,-127.17,112.39,149.96,0.5435,0.0482,0.2388,-0.7046,0.0598,0.0598,-0.7045,0.8139
24.31,145.42,-75.08,22.74,-44.91,-127.16,112.36,149.96,0.5436,0.0482,0.2388,0.7047,-0.0596,-0.0596,0.7045,0.7186
24.41,145.42,-75.08,22.74,-44.90,-127.17,112.35,149.96,0.5437,0.0482,0.2387,0.7048,-0.0596,-0.0596,0.7044,0.5498
24.52,145.43,-75.10,22.74,-44.90,-127.16,112.37,149.96,0.5436,0.0482,0.2386,-0.7047,0.0596,0.0597,-0.7045,0.3593
24.62,145.42,-75.10,22.74,-44.91,-127.17,112.37,149.96,0.5436,0.0483,0.2386,-0.7047,0.0596,0.0597,-0.7045,0.1732
24.72,145.42,-75.09,22.74,-44.91,-127.17,112.37,149.96,0.5436,0.0482,0.2386,-0.7047,0.0596,0.0597,-0.7045,0.0130
24.82,145.42,-75.09,22.74,-44.91,-127.17,112.37,149.96,0.5436,0.0482,0.2386,-0.7047,0.0596,0.0597,-0.7045,0.0043
24.92,145.42,-75.09,22.74,-44.91,-127.17,112.37,149.96,0.5436,0.0483,0.2387,-0.7047,0.0596,0.0597,-0.7045,0.0043
25.03,145.42,-75.09,22.74,-44.91,-127.17,112.37,149.96,0.5436,0.0482,0.2387,-0.7047,0.0596,0.0597,-0.7045,0.0043
25.13,145.42,-75.08,22.74,-44.91,-127.17,112.37,149.96,0.5436,0.0482,0.2387,-0.7047,0.0597,0.0597,-0.7044,0.0043
25.23,145.42,-75.08,22.74,-44.91,-127.17,112.37,149.96,0.5436,0.0482,0.2387,-0.7047,0.0597,0.0597,-0.7044,0.0043
25.33,145.42,-75.08,22.74,-44.91,-127.17,112.37,149.96,0.5436,0.0482,0.2387,-0.7047,0.0597,0.0597,-0.7044,0.0043
25.43,145.42,-75.08,22.74,-44.91,-127.17,112.37,149.96,0.5436,0.0482,0.2387,-0.7047,0.0597,0.0597,-0.7044,0.0043
25.54,145.42,-75.08,22.74,-44.91,-127.17,112.37,149.96,0.5436,0.0482,0.2387,-0.7047,0.0597,0.0597,-0.7044,0.0043
25.64,145.42,-75.08,22.74,-44.91,-127.17,112.37,149.96,0.5436,0.0482,0.2387,-0.7047,0.0597,0.0597,-0.7044,0.0043
25.74,145.42,-75.08,22.74,-44.91,-127.17,112.37,149.96,0.5436,0.0482,0.2387,-0.7047,0.0597,0.0597,-0.7044,0.0043
25.84,145.42,-75.08,22.74,-44.91,-127.17,112.37,149.96,0.5436,0.0482,0.2387,-0.7047,0.0597,0.0597,-0.7044,0.0043
25.94,145.42,-75.08,22.74,-44.91,-127.17,112.37,149.96,0.5436,0.0482,0.2387,-0.7047,0.0597,0.0597,-0.7044,0.0043
26.05,145.42,-75.00,22.76,-44.94,-127.14,112.38,150.03,0.5436,0.0482,0.2395,-0.7047,0.0597,0.0597,-0.7044,0.0043
26.15,145.36,-74.43,22.87,-45.09,-126.92,112.46,150.46,0.5436,0.0482,0.2455,0.7048,-0.0598,-0.0596,0.7043,0.0043
26.25,145.28,-73.58,23.05,-45.27,-126.56,112.61,151.18,0.5436,0.0482,0.2548,0.7049,-0.0599,-0.0595,0.7043,0.0043
26.35,145.21,-72.69,23.25,-45.42,-126.15,112.78,152.00,0.5435,0.0481,0.2649,0.7049,-0.0600,-0.0596,0.7043,0.0043
26.45,145.12,-71.80,23.45,-45.50,-125.71,112.97,152.86,0.5435,0.0482,0.2752,0.7049,-0.0600,-0.0594,0.7043,0.0043
26.56,145.06,-70.96,23.65,-45.52,-125.28,113.17,153.77,0.5435,0.0482,0.2853,0.7049,-0.0600,-0.0595,0.7043,0.0043
26.66,145.00,-70.12,23.86,-45.49,-124.81,113.39,154.71,0.5435,0.0482,0.2957,0.7049,-0.0600,-0.0595,0.7043,0.0043
26.76,144.95,-69.32,24.07,-45.38,-124.34,113.61,155.69,0.5435,0.0482,0.3058,0.7049,-0.0600,-0.0595,0.7043,0.0043
26.86,144.90,-68.54,24.28,-45.21,-123.86,113.85,156.71,0.5435,0.0482,0.3161,0.7049,-0.0601,-0.0594,0.7042,0.0043
26.96,144.86,-67.79,24.50,-44.98,-123.36,114.09,157.76,0.5435,0.0482,0.3263,0.7049,-0.0601,-0.0594,0.7042,0.0043
27.07,144.83,-67.07,24.72,-44.68,-122.84,114.34,158.85,0.5435,0.0482,0.3365,0.7049,-0.0601,-0.0594,0.7042,0.0043
27.17,144.81,-66.37,24.95,-44.32,-122.32,114.60,159.99,0.5435,0.0482,0.3467,0.7049,-0.0601,-0.0593,0.7042,0.0043
27.27,144.80,-65.70,25.18,-43.90,-121.77,114.87,161.16,0.5435,0.0482,0.3569,0.7049,-0.0601,-0.0594,0.7042,0.0043
27.37,144.80,-65.06,25.41,-43.40,-121.22,115.13,162.38,0.5435,0.0482,0.3671,0.7049,-0.0601,-0.0593,0.7042,0.0043
27.47,144.80,-64.46,25.66,-42.84,-120.65,115.40,163.64,0.5435,0.0483,0.3773,0.7049,-0.0601,-0.0593,0.7043,0.0043
27.58,144.82,-63.88,25.90,-42.21,-120.07,115.68,164.94,0.5435,0.0482,0.3875,0.7049,-0.0601,-0.0593,0.7042,0.0043
27.68,144.85,-63.33,26.15,-41.50,-119.48,115.95,166.29,0.5435,0.0482,0.3977,0.7049,-0.0601,-0.0593,0.7043,0.0043
27.78,144.91,-62.82,26.40,-40.73,-118.88,116.23,167.67,0.5435,0.0482,0.4078,0.7049,-0.0603,-0.0591,0.7042,0.0043
27.88,144.96,-62.35,26.66,-39.87,-118.26,116.51,169.13,0.5435,0.0482,0.4180,0.7049,-0.0602,-0.0592,0.7042,0.0043
27.98,145.04,-61.91,26.93,-38.92,-117.63,116.80,170.63,0.5435,0.0482,0.4282,0.7049,-0.0603,-0.0592,0.7043,0.0043
28.09,145.13,-61.51,27.21,-37.88,-116.99,117.07,172.19,0.5435,0.0482,0.4385,0.7049,-0.0603,-0.0591,0.7043,0.0043
28.19,145.25,-61.16,27.49,-36.75,-116.33,117.36,173.82,0.5435,0.0482,0.4486,0.7049,-0.0603,-0.0592,0.7043,0.0043
28.29,145.38,-60.86,27.78,-35.55,-115.68,117.63,175.45,0.5435,0.0482,0.4586,0.7048,-0.0603,-0.0591,0.7043,0.0043
28.39,145.45,-60.74,27.91,-34.97,-115.36,117.77,176.30,0.5435,0.0482,0.4633,0.7048,-0.0600,-0.0595,0.7044,0.0043
28.49,145.47,-60.72,27.94,-34.84,-115.29,117.80,176.49,0.5435,0.0482,0.4643,0.7047,-0.0599,-0.0598,0.7044,0.0043
28.60,145.48,-60.72,27.94,-34.83,-115.28,117.80,176.51,0.5435,0.0482,0.4644,0.7047,-0.0599,-0.0598,0.7045,0.0043
28.70,145.48,-60.72,27.94,-34.83,-115.28,117.80,176.51,0.5435,0.0482,0.4644,0.7047,-0.0599,-0.0598,0.7045,0.0043
28.80,145.48,-60.70,27.94,-34.88,-115.28,117.79,176.49,0.5434,0.0480,0.4644,-0.7046,0.0599,0.0599,-0.7045,0.0043
28.90,145.58,-60.32,27.93,-35.78,-115.38,117.36,176.02,0.5432,0.0445,0.4645,-0.7045,0.0599,0.0603,-0.7046,0.0043
29.00,145.85,-59.49,27.88,-37.70,-115.59,116.33,174.99,0.5431,0.0361,0.4645,-0.7045,0.0598,0.0606,-0.7046,0.0043
29.11,146.22,-58.57,27.86,-39.81,-115.79,115.12,173.86,0.5430,0.0261,0.4645,-0.7046,0.0599,0.0607,-0.7045,0.0043
29.21,146.62,-57.70,27.86,-41.82,-115.93,113.90,172.80,0.5430,0.0158,0.4645,-0.7047,0.0599,0.0608,-0.7044,0.0043
29.31,147.05,-56.89,27.87,-43.66,-116.03,112.71,171.86,0.5430,0.0057,0.4644,-0.7048,0.0598,0.0608,-0.7043,0.0043
29.41,147.52,-56.13,27.92,-45.42,-116.09,111.52,170.97,0.5429,-0.0045,0.4644,-0.7047,0.0599,0.0609,-0.7043,0.0043
29.51,147.98,-55.35,27.98,-47.17,-116.13,110.33,170.11,0.5426,-0.0148,0.4644,-0.7048,0.0599,0.0608,-0.7042,0.0043
29.62,148.38,-54.49,28.06,-49.11,-116.14,109.13,169.16,0.5413,-0.0250,0.4644,-0.7048,0.0599,0.0609,-0.7043,0.0043
29.72,148.71,-53.59,28.15,-51.16,-116.15,107.91,168.17,0.5394,-0.0350,0.4643,-0.7049,0.0598,0.0609,-0.7042,0.0043
29.82,149.04,-52.66,28.27,-53.24,-116.12,106.72,167.18,0.5369,-0.0451,0.4643,-0.7049,0.0598,0.0609,-0.7041,0.0043
29.92,149.30,-51.85,28.38,-55.02,-116.07,105.69,166.30,0.5345,-0.0535,0.4644,-0.7050,0.0599,0.0607,-0.7041,0.0043
30.02,149.38,-51.58,28.42,-55.62,-116.05,105.32,165.98,0.5337,-0.0565,0.4643,-0.7050,0.0599,0.0602,-0.7041,0.0043
30.13,149.39,-51.54,28.42,-55.72,-116.04,105.25,165.93,0.5336,-0.0569,0.4643,-0.7050,0.0598,0.0601,-0.7041,0.0043
30.23,149.39,-51.54,28.42,-55.73,-116.04,105.24,165.92,0.5336,-0.0569,0.4643,-0.7050,0.0598,0.0600,-0.7041,0.0043
30.33,149.39,-51.54,28.42,-55.72,-116.04,105.24,165.93,0.5337,-0.0569,0.4643,-0.7050,0.0598,0.0600,-0.7041,0.0043
30.43,149.39,-51.54,28.43,-55.72,-116.04,105.24,165.93,0.5337,-0.0569,0.4644,-0.7051,0.0598,0.0600,-0.7041,0.0043
30.53,149.39,-51.54,28.43,-55.71,-116.04,105.24,165.93,0.5337,-0.0569,0.4644,-0.7051,0.0598,0.0599,-0.7041,0.0043
30.64,149.39,-51.54,28.43,-55.70,-116.04,105.24,165.93,0.5337,-0.0569,0.4644,-0.7051,0.0598,0.0599,-0.7041,0.0043
30.74,149.39,-51.54,28.43,-55.70,-116.04,105.24,165.93,0.5337,-0.0569,0.4644,-0.7051,0.0598,0.0599,-0.7041,0.0043
30.84,149.39,-51.54,28.43,-55.70,-116.04,105.24,165.93,0.5337,-0.0569,0.4644,-0.7051,0.0598,0.0599,-0.7041,0.0043
30.94,149.39,-51.55,28.43,-55.70,-116.04,105.24,165.93,0.5337,-0.0568,0.4643,-0.7051,0.0598,0.0599,-0.7041,0.0043
31.04,149.39,-51.55,28.43,-55.70,-116.04,105.24,165.93,0.5337,-0.0568,0.4643,-0.7051,0.0598,0.0599,-0.7041,0.0043
31.15,149.39,-51.55,28.43,-55.70,-116.04,105.24,165.93,0.5337,-0.0568,0.4643,-0.7051,0.0598,0.0599,-0.7041,0.0043
31.25,149.39,-51.55,28.43,-55.70,-116.04,105.24,165.93,0.5337,-0.0568,0.4643,-0.7051,0.0598,0.0599,-0.7041,0.0043
31.35,149.39,-51.55,28.43,-55.70,-116.04,105.24,165.93,0.5337,-0.0568,0.4643,-0.7051,0.0598,0.0599,-0.7041,0.0043
31.45,149.39,-51.55,28.43,-55.70,-116.04,105.24,165.93,0.5337,-0.0568,0.4643,-0.7051,0.0598,0.0599,-0.7041,0.0043
31.55,149.39,-51.55,28.43,-55.70,-116.04,105.24,165.93,0.5337,-0.0568,0.4643,-0.7051,0.0598,0.0599,-0.7041,0.0043
31.66,149.62,-51.36,28.47,-56.16,-115.99,104.84,165.74,0.5336,-0.0605,0.4642,-0.7050,0.0598,0.0602,-0.7041,0.0043
31.76,150.16,-50.92,28.58,-57.12,-115.87,103.92,165.33,0.5334,-0.0693,0.4643,-0.7050,0.0600,0.0605,-0.7041,0.0043
31.86,150.80,-50.44,28.71,-58.20,-115.69,102.80,164.87,0.5333,-0.0794,0.4644,-0.7050,0.0600,0.0605,-0.7040,0.0043
31.96,151.46,-49.98,28.84,-59.22,-115.52,101.69,164.44,0.5332,-0.0897,0.4643,-0.7051,0.0601,0.0605,-0.7040,0.0043
32.07,152.13,-49.55,28.99,-60.21,-115.31,100.58,164.03,0.5331,-0.0998,0.4643,-0.7051,0.0600,0.0606,-0.7040,0.0043
32.17,152.80,-49.10,29.14,-61.21,-115.10,99.47,163.60,0.5326,-0.1101,0.4643,-0.7051,0.0601,0.0606,-0.7039,0.0043
32.27,153.44,-48.60,29.30,-62.32,-114.87,98.35,163.13,0.5316,-0.1204,0.4643,-0.7051,0.0602,0.0608,-0.7039,0.0043
32.37,154.04,-48.07,29.48,-63.51,-114.62,97.21,162.61,0.5301,-0.1305,0.4643,-0.7052,0.0601,0.0607,-0.7039,0.0043
32.47,154.64,-47.56,29.65,-64.66,-114.36,96.09,162.11,0.5284,-0.1405,0.4642,-0.7052,0.0600,0.0607,-0.7038,0.0043
32.58,154.99,-47.27,29.76,-65.29,-114.19,95.43,161.81,0.5276,-0.1463,0.4643,-0.7053,0.0600,0.0603,-0.7038,0.0043
32.68,155.06,-47.21,29.78,-65.43,-114.15,95.27,161.75,0.5275,-0.1476,0.4643,-0.7053,0.0598,0.0601,-0.7038,0.0043
32.78,155.06,-47.21,29.79,-65.45,-114.14,95.25,161.74,0.5275,-0.1477,0.4642,-0.7053,0.0598,0.0600,-0.7039,0.0043
32.88,155.06,-47.21,29.79,-65.44,-114.14,95.24,161.73,0.5275,-0.1477,0.4642,-0.7053,0.0598,0.0600,-0.7039,0.0043
32.98,155.06,-47.21,29.79,-65.44,-114.14,95.24,161.73,0.5275,-0.1477,0.4642,-0.7053,0.0598,0.0600,-0.7039,0.0043
33.09,155.06,-47.21,29.79,-65.44,-114.14,95.25,161.73,0.5276,-0.1477,0.4643,-0.7053,0.0598,0.0600,-0.7039,0.0043
33.19,155.06,-47.21,29.79,-65.43,-114.14,95.25,161.73,0.5276,-0.1476,0.4643,-0.7053,0.0598,0.0599,-0.7039,0.0043
33.29,155.06,-47.21,29.79,-65.43,-114.14,95.25,161.74,0.5276,-0.1476,0.4643,-0.7053,0.0598,0.0599,-0.7039,0.0043
33.39,155.06,-47.21,29.79,-65.43,-114.14,95.25,161.74,0.5276,-0.1476,0.4643,-0.7053,0.0598,0.0599,-0.7039,0.0043
33.49,155.06,-47.21,29.79,-65.43,-114.14,95.25,161.74,0.5276,-0.1476,0.4643,-0.7053,0.0598,0.0599,-0.7039,0.0043
33.60,155.06,-47.21,29.79,-65.43,-114.14,95.25,161.74,0.5276,-0.1476,0.4643,-0.7053,0.0598,0.0599,-0.7039,0.0043
33.70,155.06,-47.21,29.79,-65.43,-114.14,95.25,161.74,0.5276,-0.1476,0.4643,-0.7053,0.0598,0.0599,-0.7039,0.0043
33.80,155.00,-47.22,29.78,-65.39,-114.16,95.32,161.74,0.5276,-0.1470,0.4644,0.7053,-0.0599,-0.0597,0.7039,0.0043
33.90,154.52,-47.27,29.71,-65.26,-114.29,95.85,161.78,0.5269,-0.1415,0.4644,-0.7053,0.0597,0.0596,-0.7039,0.0043
34.00,153.66,-47.28,29.60,-65.21,-114.51,96.74,161.76,0.5250,-0.1323,0.4643,-0.7054,0.0594,0.0595,-0.7039,0.0043
34.11,152.69,-47.26,29.48,-65.22,-114.76,97.76,161.67,0.5223,-0.1223,0.4642,-0.7053,0.0594,0.0594,-0.7039,0.0043
34.21,151.65,-47.09,29.39,-65.55,-115.00,98.72,161.45,0.5182,-0.1124,0.4643,-0.7053,0.0593,0.0595,-0.7040,0.0043
34.31,150.55,-46.48,29.36,-66.78,-115.19,99.39,160.81,0.5111,-0.1050,0.4644,-0.7053,0.0593,0.0598,-0.7039,0.0043
34.41,149.46,-45.53,29.40,-68.75,-115.33,99.74,159.80,0.5018,-0.1001,0.4644,-0.7053,0.0592,0.0599,-0.7038,0.0043
34.51,148.40,-44.45,29.47,-70.97,-115.43,99.95,158.66,0.4917,-0.0969,0.4644,-0.7053,0.0593,0.0600,-0.7038,0.0043
34.62,147.43,-43.32,29.58,-73.30,-115.52,100.06,157.50,0.4814,-0.0951,0.4645,-0.7054,0.0594,0.0602,-0.7038,0.0043
34.72,146.53,-42.17,29.68,-75.61,-115.57,100.08,156.32,0.4711,-0.0942,0.4645,-0.7054,0.0595,0.0601,-0.7038,0.0043
34.82,145.68,-41.05,29.79,-77.87,-115.62,100.09,155.17,0.4609,-0.0938,0.4645,-0.7054,0.0596,0.0601,-0.7037,0.0043
34.92,144.83,-39.91,29.90,-80.12,-115.66,100.12,154.04,0.4506,-0.0935,0.4646,-0.7054,0.0596,0.0601,-0.7037,0.0043
35.02,143.97,-38.84,29.99,-82.21,-115.72,100.22,152.96,0.4406,-0.0929,0.4646,-0.7055,0.0597,0.0599,-0.7037,0.0043
35.13,143.35,-38.30,29.99,-83.22,-115.85,100.50,152.37,0.4348,-0.0907,0.4646,0.7055,-0.0600,-0.0597,0.7037,0.0043
35.23,143.18,-38.20,29.99,-83.43,-115.90,100.60,152.24,0.4334,-0.0899,0.4646,0.7054,-0.0601,-0.0597,0.7037,0.0043
35.33,143.23,-38.14,30.01,-83.53,-115.87,100.53,152.20,0.4331,-0.0906,0.4646,0.7055,-0.0602,-0.0598,0.7036,0.0043
35.43,143.74,-37.90,30.18,-84.06,-115.58,99.82,152.04,0.4329,-0.0972,0.4646,0.7054,-0.0604,-0.0601,0.7037,0.0043
35.53,144.49,-37.55,30.42,-84.80,-115.13,98.75,151.81,0.4329,-0.1067,0.4647,0.7054,-0.0606,-0.0602,0.7036,0.0043
35.64,145.25,-37.16,30.69,-85.63,-114.65,97.62,151.55,0.4324,-0.1168,0.4646,0.7054,-0.0606,-0.0603,0.7036,0.0043
35.74,145.88,-36.61,30.98,-86.76,-114.15,96.51,151.12,0.4303,-0.1268,0.4646,0.7055,-0.0605,-0.0603,0.7036,0.0043
35.84,146.42,-35.96,31.29,-88.09,-113.64,95.43,150.58,0.4269,-0.1365,0.4646,0.7055,-0.0605,-0.0603,0.7035,0.0043
35.94,146.93,-35.28,31.61,-89.44,-113.10,94.38,150.02,0.4230,-0.1460,0.4646,0.7056,-0.0606,-0.0603,0.7035,0.0043
36.04,147.49,-34.66,31.93,-90.68,-112.54,93.33,149.51,0.4195,-0.1554,0.4646,0.7056,-0.0606,-0.0603,0.7034,0.0043
36.15,148.13,-34.14,32.25,-91.75,-111.96,92.25,149.08,0.4166,-0.1650,0.4646,0.7056,-0.0606,-0.0604,0.7034,0.0043
36.25,148.88,-33.72,32.58,-92.62,-111.36,91.14,148.73,0.4145,-0.1748,0.4646,0.7056,-0.0608,-0.0604,0.7034,0.0043
36.35,149.75,-33.45,32.90,-93.22,-110.75,89.97,148.50,0.4138,-0.1849,0.4646,0.7056,-0.0608,-0.0603,0.7034,0.0043
36.45,150.70,-33.27,33.21,-93.65,-110.14,88.78,148.35,0.4136,-0.1951,0.4646,0.7057,-0.0608,-0.0603,0.7034,0.0043
36.55,151.68,-33.13,33.52,-94.00,-109.53,87.59,148.22,0.4136,-0.2053,0.4646,0.7056,-0.0609,-0.0604,0.7034,0.0043
36.66,152.67,-33.02,33.83,-94.31,-108.92,86.38,148.09,0.4136,-0.2155,0.4646,0.7057,-0.0609,-0.0603,0.7033,0.0043
36.76,153.69,-32.94,34.13,-94.58,-108.31,85.16,147.98,0.4136,-0.2258,0.4645,0.7057,-0.0608,-0.0603,0.7033,0.0043
36.86,154.71,-32.88,34.43,-94.79,-107.70,83.97,147.86,0.4137,-0.2359,0.4645,0.7057,-0.0609,-0.0603,0.7033,0.0043
36.96,155.75,-32.84,34.74,-94.97,-107.09,82.77,147.76,0.4136,-0.2461,0.4645,0.7057,-0.0609,-0.0603,0.7033,0.0043
37.06,156.80,-32.83,35.03,-95.10,-106.50,81.56,147.66,0.4137,-0.2563,0.4645,0.7058,-0.0608,-0.0602,0.7033,0.0043
37.17,157.87,-32.84,35.32,-95.19,-105.89,80.35,147.57,0.4136,-0.2666,0.4646,0.7058,-0.0609,-0.0602,0.7032,0.0043
37.27,158.95,-32.88,35.61,-95.23,-105.31,79.13,147.48,0.4136,-0.2767,0.4645,0.7058,-0.0609,-0.0602,0.7032,0.0043
37.37,160.05,-32.95,35.89,-95.23,-104.72,77.92,147.40,0.4136,-0.2870,0.4645,0.7058,-0.0608,-0.0603,0.7032,0.0043
37.47,161.16,-33.04,36.17,-95.19,-104.15,76.71,147.33,0.4136,-0.2972,0.4644,0.7058,-0.0608,-0.0603,0.7032,0.0043
37.57,162.28,-33.16,36.43,-95.09,-103.59,75.51,147.26,0.4136,-0.3074,0.4644,0.7058,-0.0608,-0.0603,0.7032,0.0043
37.68,163.41,-33.30,36.68,-94.95,-103.04,74.30,147.20,0.4137,-0.3176,0.4643,0.7058,-0.0607,-0.0603,0.7032,0.0043
37.78,164.55,-33.47,36.94,-94.76,-102.51,73.11,147.14,0.4137,-0.3278,0.4644,0.7058,-0.0608,-0.0603,0.7032,0.0043
37.88,165.71,-33.66,37.18,-94.53,-101.99,71.91,147.09,0.4137,-0.3380,0.4643,0.7058,-0.0607,-0.0603,0.7032,0.0043
37.98,166.87,-33.87,37.40,-94.26,-101.48,70.72,147.05,0.4137,-0.3482,0.4643,0.7059,-0.0607,-0.0602,0.7032,0.0043
38.08,168.04,-34.10,37.62,-93.94,-101.00,69.54,147.02,0.4137,-0.3584,0.4643,0.7059,-0.0607,-0.0603,0.7032,0.0043
38.19,169.22,-34.37,37.83,-93.58,-100.52,68.36,146.99,0.4138,-0.3686,0.4643,0.7058,-0.0606,-0.0603,0.7032,0.0043
38.29,170.42,-34.65,38.02,-93.16,-100.07,67.18,146.98,0.4138,-0.3789,0.4642,0.7059,-0.0606,-0.0602,0.7031,0.0043
38.39,171.62,-34.95,38.20,-92.71,-99.64,66.03,146.98,0.4138,-0.3891,0.4642,0.7059,-0.0605,-0.0602,0.7032,0.0043
38.49,172.82,-35.28,38.37,-92.21,-99.23,64.89,146.98,0.4138,-0.3993,0.4642,0.7059,-0.0605,-0.0602,0.7032,0.0043
38.59,174.03,-35.62,38.52,-91.67,-98.85,63.77,147.01,0.4138,-0.4095,0.4642,0.7059,-0.0605,-0.0603,0.7032,0.0043
38.70,175.24,-35.98,38.66,-91.09,-98.50,62.64,147.05,0.4139,-0.4197,0.4641,-0.7059,0.0604,0.0602,-0.7031,0.0043
38.80,176.10,-36.25,38.75,-90.65,-98.25,61.83,147.09,0.4140,-0.4270,0.4641,-0.7060,0.0602,0.0601,-0.7031,0.0043
38.90,176.32,-36.33,38.77,-90.52,-98.19,61.60,147.10,0.4142,-0.4290,0.4640,-0.7061,0.0600,0.0599,-0.7031,0.0043
39.00,176.35,-36.33,38.77,-90.51,-98.18,61.57,147.10,0.4142,-0.4293,0.4640,-0.7061,0.0599,0.0599,-0.7030,0.0043
39.11,176.35,-36.33,38.77,-90.51,-98.18,61.57,147.10,0.4142,-0.4293,0.4640,-0.7061,0.0599,0.0599,-0.7030,0.0043
39.21,176.35,-36.33,38.77,-90.51,-98.18,61.57,147.10,0.4142,-0.4293,0.4640,-0.7061,0.0599,0.0599,-0.7030,0.0043
39.31,176.34,-36.33,38.77,-90.51,-98.18,61.57,147.10,0.4143,-0.4292,0.4640,-0.7061,0.0599,0.0598,-0.7030,0.0043
39.41,176.34,-36.33,38.77,-90.51,-98.18,61.57,147.10,0.4143,-0.4292,0.4640,-0.7061,0.0598,0.0598,-0.7030,0.0043
39.51,176.34,-36.33,38.77,-90.51,-98.18,61.57,147.10,0.4143,-0.4292,0.4640,-0.7061,0.0598,0.0598,-0.7030,0.0043
39.62,176.34,-36.33,38.77,-90.51,-98.18,61.57,147.10,0.4143,-0.4292,0.4640,-0.7061,0.0598,0.0598,-0.7030,0.0043
39.72,176.34,-36.36,38.76,-90.44,-98.24,61.62,147.16,0.4144,-0.4291,0.4641,-0.7060,0.0601,0.0600,-0.7031,0.0043
39.82,176.49,-36.69,38.66,-89.80,-98.87,62.14,147.66,0.4147,-0.4292,0.4641,-0.7057,0.0636,0.0634,-0.7028,0.0043
39.92,176.72,-37.23,38.51,-88.83,-99.84,63.00,148.42,0.4147,-0.4292,0.4641,-0.7048,0.0693,0.0692,-0.7026,0.0043
40.02,176.93,-37.88,38.43,-87.83,-100.72,63.96,149.05,0.4148,-0.4292,0.4640,-0.7029,0.0752,0.0755,-0.7032,0.0043
40.13,177.11,-38.63,38.43,-86.94,-101.39,64.93,149.42,0.4149,-0.4291,0.4639,-0.6998,0.0809,0.0818,-0.7050,0.0043
40.23,177.22,-39.41,38.54,-86.20,-101.81,65.83,149.54,0.4149,-0.4291,0.4638,-0.6956,0.0858,0.0877,-0.7079,0.0043
40.33,177.26,-40.19,38.76,-85.72,-101.93,66.61,149.33,0.4147,-0.4291,0.4637,-0.6902,0.0896,0.0929,-0.7120,0.0043
40.43,177.21,-40.93,39.08,-85.56,-101.68,67.18,148.74,0.4146,-0.4292,0.4636,-0.6839,0.0917,0.0966,-0.7173,0.0043
40.53,177.15,-41.65,39.41,-85.45,-101.37,67.70,148.10,0.4146,-0.4292,0.4637,-0.6774,0.0934,0.0997,-0.7228,0.0043
40.64,177.07,-42.30,39.73,-85.41,-101.04,68.13,147.47,0.4147,-0.4291,0.4636,0.6714,-0.0945,-0.1023,0.7279,0.0043
40.74,176.85,-42.35,40.00,-86.10,-100.25,67.85,146.59,0.4144,-0.4290,0.4636,-0.6683,0.0914,0.1006,-0.7314,0.0043
40.84,176.57,-41.89,40.17,-87.12,-99.31,67.07,145.77,0.4143,-0.4290,0.4637,-0.6688,0.0858,0.0953,-0.7323,0.0043
40.94,176.32,-41.26,40.25,-88.12,-98.46,66.17,145.15,0.4142,-0.4290,0.4637,-0.6710,0.0798,0.0893,-0.7317,0.0043
41.04,176.10,-40.57,40.27,-89.08,-97.66,65.26,144.63,0.4142,-0.4290,0.4637,-0.6739,0.0739,0.0834,-0.7304,0.0043
41.15,175.90,-39.87,40.32,-90.01,-96.85,64.35,144.13,0.4140,-0.4290,0.4638,-0.6766,0.0681,0.0775,-0.7291,0.0043
41.25,175.70,-39.22,40.38,-90.93,-96.00,63.46,143.58,0.4141,-0.4290,0.4638,-0.6792,0.0621,0.0715,-0.7278,0.0043
41.35,175.50,-38.59,40.46,-91.88,-95.06,62.58,142.95,0.4140,-0.4290,0.4638,-0.6813,0.0561,0.0656,-0.7269,0.0043
41.45,175.30,-37.99,40.57,-92.83,-94.05,61.71,142.25,0.4140,-0.4290,0.4638,-0.6830,0.0500,0.0598,-0.7263,0.0043
41.55,175.11,-37.40,40.69,-93.78,-92.99,60.86,141.51,0.4139,-0.4290,0.4638,-0.6845,0.0439,0.0538,-0.7257,0.0043
41.65,174.93,-36.82,40.81,-94.72,-91.89,60.02,140.74,0.4139,-0.4290,0.4638,-0.6859,0.0376,0.0478,-0.7252,0.0043
41.76,174.77,-36.23,40.93,-95.64,-90.76,59.20,139.97,0.4139,-0.4291,0.4638,-0.6872,0.0316,0.0419,-0.7245,0.0043
41.86,174.62,-35.65,41.06,-96.56,-89.58,58.37,139.16,0.4139,-0.4291,0.4638,-0.6885,0.0253,0.0358,-0.7239,0.0043
41.96,174.48,-35.06,41.18,-97.47,-88.37,57.56,138.35,0.4139,-0.4291,0.4639,-0.6897,0.0191,0.0298,-0.7232,0.0043
42.06,174.36,-34.47,41.31,-98.37,-87.12,56.77,137.51,0.4138,-0.4291,0.4639,-0.6908,0.0129,0.0238,-0.7225,0.0043
42.16,174.27,-33.89,41.44,-99.26,-85.83,55.98,136.65,0.4138,-0.4292,0.4639,-0.6919,0.0067,0.0178,-0.7217,0.0043
42.27,174.18,-33.31,41.55,-100.13,-84.52,55.21,135.78,0.4138,-0.4291,0.4639,-0.6930,0.0005,0.0118,-0.7209,0.0043
42.37,174.12,-32.72,41.66,-100.97,-83.18,54.47,134.91,0.4138,-0.4291,0.4639,-0.6939,-0.0057,0.0057,-0.7200,0.0043
42.47,174.07,-32.13,41.77,-101.82,-81.78,53.73,134.01,0.4138,-0.4291,0.4639,0.6948,0.0119,0.0002,0.7191,0.0043
42.57,174.05,-31.55,41.87,-102.64,-80.36,53.01,133.09,0.4137,-0.4292,0.4639,0.6957,0.0181,0.0062,0.7181,0.0043
42.67,174.05,-30.96,41.95,-103.46,-78.88,52.29,132.15,0.4138,-0.4291,0.4639,0.6965,0.0244,0.0123,0.7170,0.0043
42.77,174.08,-30.37,42.03,-104.26,-77.37,51.61,131.20,0.4137,-0.4291,0.4640,0.6972,0.0306,0.0184,0.7160,0.0043
42.88,174.14,-29.77,42.09,-105.05,-75.82,50.94,130.23,0.4137,-0.4292,0.4640,0.6979,0.0368,0.0244,0.7148,0.0043
42.98,174.22,-29.18,42.14,-105.82,-74.23,50.28,129.24,0.4137,-0.4292,0.4640,0.6985,0.0430,0.0305,0.7136,0.0043
43.08,174.34,-28.58,42.18,-106.58,-72.61,49.65,128.24,0.4136,-0.4293,0.4640,0.6991,0.0491,0.0365,0.7124,0.0043
43.19,174.48,-27.99,42.20,-107.33,-70.91,49.04,127.20,0.4136,-0.4293,0.4640,0.6996,0.0555,0.0425,0.7111,0.0043
43.29,174.66,-27.39,42.20,-108.07,-69.18,48.45,126.14,0.4136,-0.4293,0.4641,0.6999,0.0617,0.0486,0.7099,0.0043
43.39,174.88,-26.79,42.18,-108.79,-67.42,47.88,125.06,0.4134,-0.4293,0.4641,0.7003,0.0679,0.0547,0.7085,0.0043
43.49,175.13,-26.20,42.14,-109.48,-65.62,47.33,123.98,0.4135,-0.4293,0.4641,0.7005,0.0742,0.0607,0.7072,0.0043
43.59,175.41,-25.62,42.07,-110.16,-63.81,46.81,122.89,0.4135,-0.4293,0.4641,0.7007,0.0804,0.0667,0.7058,0.0043
43.70,175.74,-25.03,41.99,-110.83,-61.94,46.31,121.77,0.4134,-0.4294,0.4641,0.7008,0.0865,0.0727,0.7043,0.0043
43.80,176.11,-24.45,41.88,-111.48,-60.02,45.83,120.63,0.4134,-0.4294,0.4642,0.7008,0.0927,0.0788,0.7029,0.0043
43.90,176.52,-23.86,41.74,-112.12,-58.06,45.37,119.46,0.4134,-0.4294,0.4642,0.7008,0.0989,0.0848,0.7013,0.0043
44.00,176.97,-23.29,41.58,-112.74,-56.07,44.95,118.27,0.4134,-0.4294,0.4642,0.7006,0.1051,0.0908,0.6999,0.0043
44.10,177.47,-22.73,41.40,-113.35,-54.01,44.56,117.03,0.4133,-0.4294,0.4642,0.7003,0.1112,0.0969,0.6984,0.0043
44.20,178.02,-22.18,41.18,-113.96,-51.89,44.20,115.76,0.4133,-0.4294,0.4642,0.6998,0.1174,0.1030,0.6970,0.0043
44.31,178.61,-21.63,40.94,-114.54,-49.75,43.88,114.47,0.4133,-0.4294,0.4642,0.6992,0.1236,0.1090,0.6957,0.0043
44.41,179.25,-21.10,40.68,-115.11,-47.59,43.56,113.16,0.4132,-0.4295,0.4642,0.6987,0.1296,0.1150,0.6941,0.0043
44.51,179.93,-20.57,40.39,-115.65,-45.36,43.27,111.83,0.4133,-0.4295,0.4643,0.6979,0.1359,0.1211,0.6926,0.0043
44.61,-179.34,-20.05,40.08,-116.18,-43.12,42.99,110.49,0.4132,-0.4295,0.4643,0.6972,0.1419,0.1271,0.6911,0.0043
44.71,-178.57,-19.55,39.76,-116.68,-40.84,42.72,109.13,0.4132,-0.4296,0.4644,0.6964,0.1480,0.1332,0.6895,0.0043
44.82,-177.75,-19.05,39.41,-117.16,-38.52,42.48,107.74,0.4132,-0.4296,0.4644,0.6955,0.1541,0.1392,0.6879,0.0043
44.92,-176.89,-18.57,39.04,-117.63,-36.17,42.25,106.33,0.4131,-0.4296,0.4644,0.6946,0.1603,0.1452,0.6862,0.0043
45.02,-175.99,-18.10,38.65,-118.07,-33.79,42.04,104.89,0.4131,-0.4296,0.4644,0.6935,0.1663,0.1512,0.6844,0.0043
45.12,-175.05,-17.65,38.25,-118.49,-31.37,41.85,103.43,0.4131,-0.4297,0.4645,0.6925,0.1724,0.1572,0.6827,0.0043
45.22,-174.08,-17.22,37.84,-118.89,-28.94,41.67,101.95,0.4131,-0.4297,0.4645,0.6914,0.1785,0.1632,0.6808,0.0043
45.33,-173.06,-16.80,37.41,-119.26,-26.46,41.51,100.43,0.4131,-0.4297,0.4645,0.6902,0.1845,0.1691,0.6789,0.0043
45.43,-172.01,-16.40,36.98,-119.61,-23.95,41.38,98.89,0.4130,-0.4297,0.4645,0.6890,0.1905,0.1751,0.6770,0.0043
45.53,-170.94,-16.02,36.53,-119.93,-21.42,41.26,97.32,0.4130,-0.4297,0.4645,0.6877,0.1965,0.1811,0.6750,0.0043
45.63,-169.83,-15.66,36.09,-120.23,-18.85,41.17,95.71,0.4130,-0.4297,0.4646,0.6863,0.2025,0.1869,0.6730,0.0043
45.73,-168.69,-15.32,35.63,-120.51,-16.23,41.10,94.08,0.4130,-0.4298,0.4646,0.6849,0.2086,0.1928,0.6710,0.0043
45.84,-167.52,-15.00,35.17,-120.76,-13.60,41.06,92.39,0.4130,-0.4298,0.4647,0.6835,0.2146,0.1988,0.6688,0.0043
45.94,-166.33,-14.70,34.71,-120.98,-10.94,41.05,90.68,0.4130,-0.4298,0.4647,0.6820,0.2206,0.2047,0.6666,0.0043
46.04,-165.12,-14.43,34.25,-121.18,-8.23,41.06,88.95,0.4129,-0.4298,0.4647,0.6805,0.2265,0.2106,0.6643,0.0043
46.14,-163.92,-14.18,33.80,-121.35,-5.52,41.12,87.20,0.4130,-0.4298,0.4647,0.6788,0.2325,0.2165,0.6620,0.0043
46.24,-162.68,-13.95,33.36,-121.49,-2.80,41.22,85.42,0.4129,-0.4299,0.4647,0.6772,0.2383,0.2223,0.6597,0.0043
46.35,-161.46,-13.75,32.94,-121.61,-0.10,41.36,83.64,0.4129,-0.4299,0.4647,0.6755,0.2442,0.2280,0.6574,0.0043
46.45,-160.22,-13.57,32.52,-121.70,2.60,41.53,81.83,0.4128,-0.4300,0.4647,0.6738,0.2499,0.2337,0.6549,0.0043
46.55,-158.99,-13.42,32.12,-121.76,5.37,41.76,80.01,0.4129,-0.4299,0.4647,0.6719,0.2560,0.2396,0.6524,0.0043
46.65,-157.76,-13.30,31.74,-121.79,8.09,42.02,78.18,0.4129,-0.4300,0.4648,0.6700,0.2618,0.2453,0.6498,0.0043
46.75,-156.55,-13.20,31.39,-121.81,10.78,42.35,76.37,0.4129,-0.4300,0.4648,0.6681,0.2676,0.2510,0.6473,0.0043
46.85,-155.35,-13.12,31.05,-121.80,13.47,42.71,74.55,0.4128,-0.4300,0.4647,0.6663,0.2734,0.2567,0.6445,0.0043
46.96,-154.16,-13.07,30.74,-121.74,16.14,43.12,72.75,0.4128,-0.4300,0.4647,0.6642,0.2794,0.2623,0.6418,0.0043
47.06,-152.99,-13.05,30.45,-121.67,18.77,43.60,70.94,0.4129,-0.4300,0.4647,0.6622,0.2851,0.2681,0.6390,0.0043
47.16,-151.81,-13.04,30.19,-121.56,21.41,44.13,69.14,0.4128,-0.4301,0.4648,0.6600,0.2908,0.2739,0.6363,0.0043
47.27,-150.67,-13.06,29.95,-121.43,23.99,44.73,67.38,0.4128,-0.4300,0.4649,0.6576,0.2966,0.2797,0.6335,0.0043
47.37,-149.57,-13.11,29.75,-121.27,26.48,45.37,65.68,0.4128,-0.4300,0.4649,0.6554,0.3024,0.2853,0.6306,0.0043
47.47,-148.50,-13.20,29.57,-121.09,28.92,46.06,64.02,0.4129,-0.4300,0.4649,0.6530,0.3081,0.2909,0.6277,0.0043
47.57,-147.45,-13.30,29.42,-120.88,31.29,46.79,62.39,0.4129,-0.4301,0.4649,0.6507,0.3137,0.2965,0.6247,0.0043
47.67,-146.44,-13.43,29.29,-120.65,33.58,47.57,60.83,0.4129,-0.4301,0.4649,0.6483,0.3193,0.3021,0.6217,0.0043
47.77,-145.45,-13.57,29.19,-120.39,35.83,48.39,59.30,0.4129,-0.4301,0.4648,0.6459,0.3249,0.3076,0.6186,0.0043
47.88,-144.48,-13.74,29.10,-120.10,38.01,49.26,57.83,0.4129,-0.4301,0.4648,0.6434,0.3305,0.3132,0.6155,0.0043
47.98,-143.54,-13.94,29.03,-119.79,40.10,50.16,56.40,0.4129,-0.4301,0.4648,0.6409,0.3359,0.3187,0.6123,0.0043
48.08,-142.62,-14.15,28.99,-119.45,42.15,51.10,55.03,0.4129,-0.4301,0.4648,0.6382,0.3415,0.3242,0.6091,0.0043
48.18,-141.73,-14.38,28.95,-119.09,44.12,52.07,53.71,0.4129,-0.4301,0.4648,0.6356,0.3470,0.3296,0.6058,0.0043
48.28,-140.87,-14.63,28.93,-118.70,46.02,53.07,52.44,0.4130,-0.4301,0.4648,0.6328,0.3525,0.3351,0.6025,0.0043
48.39,-140.03,-14.90,28.91,-118.29,47.84,54.10,51.23,0.4130,-0.4301,0.4648,0.6301,0.3580,0.3405,0.5991,0.0043
48.49,-139.21,-15.19,28.91,-117.85,49.60,55.15,50.07,0.4130,-0.4301,0.4648,0.6272,0.3634,0.3459,0.5957,0.0043
48.59,-138.41,-15.50,28.91,-117.40,51.28,56.22,48.95,0.4131,-0.4301,0.4647,0.6244,0.3688,0.3513,0.5922,0.0043
48.69,-137.64,-15.81,28.91,-116.92,52.87,57.30,47.90,0.4131,-0.4301,0.4648,0.6215,0.3740,0.3566,0.5888,0.0043
48.79,-136.88,-16.15,28.92,-116.42,54.44,58.41,46.88,0.4131,-0.4300,0.4648,0.6185,0.3795,0.3620,0.5852,0.0043
48.90,-136.14,-16.50,28.93,-115.90,55.93,59.53,45.90,0.4131,-0.4301,0.4647,0.6155,0.3848,0.3672,0.5816,0.0043
49.00,-135.41,-16.86,28.95,-115.35,57.37,60.66,44.98,0.4131,-0.4301,0.4647,0.6125,0.3900,0.3724,0.5779,0.0043
49.10,-134.72,-17.24,28.96,-114.79,58.73,61.79,44.09,0.4132,-0.4301,0.4647,0.6094,0.3953,0.3777,0.5742,0.0043
49.20,-134.02,-17.63,28.96,-114.20,60.04,62.93,43.24,0.4132,-0.4301,0.4647,0.6063,0.4004,0.3828,0.5705,0.0043
49.30,-133.35,-18.03,28.96,-113.59,61.32,64.08,42.42,0.4132,-0.4301,0.4647,0.6031,0.4057,0.3880,0.5667,0.0043
49.40,-132.68,-18.44,28.96,-112.97,62.53,65.22,41.64,0.4132,-0.4301,0.4646,0.5999,0.4108,0.3931,0.5629,0.0043
49.51,-132.04,-18.86,28.96,-112.33,63.70,66.37,40.89,0.4132,-0.4302,0.4646,0.5966,0.4159,0.3982,0.5590,0.0043
49.61,-131.40,-19.30,28.95,-111.66,64.81,67.53,40.17,0.4131,-0.4302,0.4646,0.5933,0.4210,0.4033,0.5551,0.0043
49.71,-130.79,-19.74,28.92,-110.98,65.88,68.67,39.48,0.4132,-0.4301,0.4646,0.5900,0.4260,0.4083,0.5511,0.0043
49.81,-130.18,-20.19,28.89,-110.28,66.91,69.82,38.82,0.4132,-0.4301,0.4646,0.5865,0.4311,0.4134,0.5471,0.0043
49.91,-129.76,-20.51,28.86,-109.77,67.65,70.66,38.34,0.4133,-0.4299,0.4646,0.5839,0.4348,0.4173,0.5439,0.0043
50.02,-129.63,-20.61,28.85,-109.61,67.89,70.92,38.19,0.4134,-0.4297,0.4646,0.5831,0.4361,0.4185,0.5428,0.0043
50.12,-129.38,-20.81,28.83,-109.31,68.25,71.37,37.96,0.4133,-0.4299,0.4646,0.5817,0.4379,0.4203,0.5414,0.0043
50.22,-128.95,-21.15,28.81,-108.72,69.01,72.20,37.46,0.4133,-0.4300,0.4645,0.5792,0.4418,0.4239,0.5382,0.0043
50.32,-128.46,-21.53,28.78,-108.00,69.94,73.11,36.82,0.4133,-0.4300,0.4646,0.5765,0.4465,0.4279,0.5340,0.0043
50.42,-127.99,-21.92,28.75,-107.24,70.86,74.01,36.17,0.4134,-0.4300,0.4645,0.5739,0.4514,0.4318,0.5296,0.0043
50.53,-127.70,-22.16,28.72,-106.77,71.45,74.60,35.75,0.4134,-0.4298,0.4645,0.5721,0.4546,0.4346,0.5265,0.0043
50.63,-127.62,-22.22,28.72,-106.66,71.60,74.75,35.65,0.4134,-0.4297,0.4645,0.5716,0.4554,0.4353,0.5257,0.0043
50.73,-127.62,-22.22,28.72,-106.64,71.62,74.77,35.63,0.4135,-0.4296,0.4645,0.5715,0.4556,0.4354,0.5256,0.0043
50.83,-127.62,-22.22,28.72,-106.64,71.62,74.77,35.63,0.4135,-0.4296,0.4645,0.5715,0.4556,0.4354,0.5256,0.0043
50.93,-127.62,-22.22,28.72,-106.64,71.62,74.77,35.63,0.4135,-0.4296,0.4645,0.5715,0.4556,0.4354,0.5256,0.0043
51.04,-127.62,-22.22,28.72,-106.64,71.62,74.77,35.63,0.4135,-0.4296,0.4645,0.5715,0.4556,0.4354,0.5256,0.0043
51.14,-127.60,-22.27,28.72,-106.58,71.62,74.78,35.61,0.4135,-0.4300,0.4645,0.5715,0.4556,0.4354,0.5256,0.0043
51.24,-127.19,-22.90,28.72,-105.62,71.69,75.05,35.18,0.4135,-0.4356,0.4644,0.5715,0.4556,0.4352,0.5257,0.0043
51.34,-126.52,-23.93,28.72,-104.03,71.79,75.49,34.43,0.4135,-0.4449,0.4643,0.5716,0.4557,0.4351,0.5257,0.0043
51.44,-125.80,-25.05,28.71,-102.27,71.88,75.93,33.59,0.4134,-0.4550,0.4643,0.5716,0.4557,0.4350,0.5257,0.0043
51.54,-125.37,-25.72,28.69,-101.20,71.92,76.20,33.05,0.4134,-0.4611,0.4643,0.5717,0.4556,0.4353,0.5255,0.0043
51.65,-125.26,-25.89,28.68,-100.93,71.94,76.27,32.91,0.4135,-0.4626,0.4643,0.5716,0.4556,0.4354,0.5255,0.0043
51.75,-125.25,-25.90,28.68,-100.92,71.94,76.27,32.90,0.4135,-0.4627,0.4642,0.5717,0.4555,0.4355,0.5254,0.0043
51.85,-125.59,-25.37,28.68,-101.78,71.91,76.09,33.27,0.4135,-0.4579,0.4642,0.5718,0.4554,0.4358,0.5251,0.0043
51.95,-126.28,-24.38,28.70,-103.33,71.81,75.67,34.01,0.4140,-0.4489,0.4644,0.5716,0.4554,0.4359,0.5252,0.0043
52.05,-127.26,-23.34,28.60,-104.92,71.52,74.91,34.81,0.4165,-0.4387,0.4645,0.5715,0.4555,0.4360,0.5252,0.0043
52.16,-128.40,-22.34,28.41,-106.44,71.04,73.91,35.63,0.4206,-0.4282,0.4644,0.5714,0.4556,0.4361,0.5251,0.0043
52.26,-129.58,-21.81,28.09,-108.16,70.10,73.03,37.06,0.4260,-0.4179,0.4601,0.5717,0.4557,0.4362,0.5247,0.0043
52.36,-130.73,-22.04,27.62,-109.80,68.55,72.43,39.11,0.4333,-0.4095,0.4514,0.5718,0.4557,0.4362,0.5246,0.0043
52.46,-131.88,-22.66,27.07,-111.15,66.73,71.93,41.25,0.4420,-0.4025,0.4414,0.5719,0.4558,0.4361,0.5244,0.0043
52.57,-133.03,-23.43,26.51,-112.37,64.79,71.54,43.39,0.4508,-0.3958,0.4312,0.5719,0.4559,0.4361,0.5243,0.0043
52.67,-134.13,-24.20,25.98,-113.60,62.84,71.31,45.53,0.4588,-0.3888,0.4211,0.5720,0.4559,0.4360,0.5243,0.0043
52.77,-135.16,-24.84,25.53,-115.15,60.94,71.35,47.79,0.4647,-0.3806,0.4109,0.5723,0.4558,0.4359,0.5242,0.0043
52.87,-135.98,-25.30,25.22,-117.14,59.26,71.86,50.21,0.4671,-0.3710,0.4009,0.5724,0.4557,0.4357,0.5243,0.0043
52.97,-136.34,-25.74,25.10,-119.34,58.05,72.96,52.60,0.4653,-0.3622,0.3908,0.5726,0.4555,0.4354,0.5245,0.0043
53.08,-136.21,-26.61,25.07,-120.88,57.30,74.44,54.55,0.4624,-0.3578,0.3809,0.5724,0.4556,0.4353,0.5247,0.0043
53.18,-135.97,-27.92,24.95,-121.69,56.58,75.83,56.13,0.4615,-0.3569,0.3708,0.5724,0.4556,0.4352,0.5248,0.0043
53.28,-135.73,-29.32,24.80,-122.24,55.89,77.14,57.54,0.4613,-0.3568,0.3608,0.5724,0.4556,0.4352,0.5248,0.0043
53.38,-135.50,-30.78,24.63,-122.71,55.22,78.45,58.92,0.4613,-0.3568,0.3509,0.5723,0.4557,0.4352,0.5248,0.0043
53.48,-135.26,-32.26,24.44,-123.13,54.58,79.74,60.26,0.4613,-0.3570,0.3409,0.5723,0.4557,0.4351,0.5248,0.0043
53.58,-135.04,-33.77,24.24,-123.50,53.95,81.03,61.57,0.4613,-0.3570,0.3310,0.5723,0.4557,0.4351,0.5249,0.0043
53.69,-134.81,-35.31,24.02,-123.83,53.34,82.31,62.86,0.4613,-0.3570,0.3210,0.5723,0.4557,0.4351,0.5249,0.0043
53.79,-134.58,-36.88,23.79,-124.11,52.76,83.58,64.11,0.4613,-0.3571,0.3110,0.5723,0.4556,0.4352,0.5249,0.0043
53.89,-134.39,-38.23,23.58,-124.30,52.27,84.68,65.20,0.4613,-0.3570,0.3025,0.5720,0.4557,0.4351,0.5252,0.0043
53.99,-134.33,-38.72,23.50,-124.36,52.09,85.10,65.60,0.4614,-0.3570,0.2995,0.5717,0.4558,0.4352,0.5255,0.0043
54.09,-134.31,-38.80,23.49,-124.38,52.06,85.17,65.68,0.4614,-0.3571,0.2991,0.5716,0.4557,0.4351,0.5256,0.0043
54.20,-134.31,-38.80,23.49,-124.38,52.05,85.18,65.68,0.4614,-0.3571,0.2990,0.5715,0.4557,0.4351,0.5257,0.0043
54.30,-134.31,-38.80,23.49,-124.37,52.05,85.18,65.68,0.4614,-0.3571,0.2991,0.5715,0.4557,0.4351,0.5257,0.0043
54.40,-134.31,-38.80,23.49,-124.37,52.05,85.18,65.68,0.4614,-0.3571,0.2991,0.5715,0.4558,0.4351,0.5257,0.0043
54.50,-134.31,-38.80,23.49,-124.35,52.06,85.18,65.67,0.4614,-0.3571,0.2992,0.5714,0.4558,0.4352,0.5258,0.0043
54.60,-134.01,-38.98,23.54,-123.69,52.32,85.09,65.28,0.4614,-0.3612,0.2994,0.5711,0.4558,0.4351,0.5261,0.0043
54.71,-133.37,-39.42,23.67,-122.29,52.87,84.89,64.38,0.4614,-0.3699,0.2994,0.5711,0.4558,0.4350,0.5262,0.0043
54.81,-132.69,-39.90,23.78,-120.79,53.58,84.74,63.40,0.4614,-0.3787,0.2993,0.5708,0.4563,0.4355,0.5256,0.0043
54.91,-132.12,-40.23,23.85,-119.77,54.68,84.97,62.69,0.4613,-0.3820,0.2992,0.5683,0.4594,0.4389,0.5228,0.0043
55.01,-131.63,-40.51,23.89,-118.97,55.94,85.39,62.13,0.4613,-0.3826,0.2992,0.5646,0.4638,0.4436,0.5189,0.0043
55.11,-131.20,-40.75,23.92,-118.26,57.12,85.83,61.63,0.4613,-0.3826,0.2992,0.5609,0.4681,0.4483,0.5150,0.0043
55.22,-131.02,-40.85,23.93,-117.96,57.65,86.03,61.41,0.4614,-0.3823,0.2992,0.5592,0.4701,0.4507,0.5131,0.0043
55.32,-130.90,-40.93,23.94,-117.75,57.96,86.15,61.28,0.4613,-0.3824,0.2991,0.5583,0.4712,0.4518,0.5121,0.0043
55.42,-130.58,-41.13,23.95,-117.18,58.82,86.49,60.91,0.4614,-0.3825,0.2991,0.5554,0.4743,0.4552,0.5092,0.0043
55.52,-130.16,-41.39,23.97,-116.42,59.95,86.94,60.42,0.4613,-0.3826,0.2992,0.5516,0.4785,0.4598,0.5053,0.0043
55.62,-129.75,-41.68,23.99,-115.61,61.13,87.43,59.89,0.4613,-0.3826,0.2991,0.5475,0.4831,0.4647,0.5010,0.0043
55.72,-129.35,-41.97,23.99,-114.81,62.24,87.91,59.38,0.4613,-0.3826,0.2991,0.5435,0.4873,0.4694,0.4967,0.0043
55.83,-129.16,-42.11,24.00,-114.41,62.82,88.16,59.12,0.4613,-0.3823,0.2991,0.5414,0.4896,0.4720,0.4944,0.0043
55.93,-129.12,-42.14,24.00,-114.32,62.94,88.22,59.06,0.4614,-0.3822,0.2991,0.5409,0.4901,0.4726,0.4938,0.0043
56.03,-129.12,-42.14,24.00,-114.31,62.95,88.22,59.05,0.4614,-0.3822,0.2991,0.5409,0.4902,0.4727,0.4937,0.0043
56.13,-129.12,-42.14,24.00,-114.31,62.95,88.22,59.05,0.4614,-0.3822,0.2991,0.5409,0.4902,0.4727,0.4937,0.0043
56.23,-129.23,-42.13,23.97,-114.38,62.87,88.17,59.09,0.4620,-0.3815,0.2989,0.5410,0.4902,0.4727,0.4935,0.0043
56.34,-130.01,-42.01,23.67,-114.57,62.14,87.61,59.26,0.4676,-0.3774,0.2990,0.5407,0.4904,0.4730,0.4934,0.0043
56.44,-131.13,-41.93,23.21,-114.57,61.01,86.66,59.35,0.4766,-0.3727,0.2990,0.5406,0.4905,0.4732,0.4933,0.0043
56.54,-132.29,-41.71,22.78,-114.85,59.86,85.77,59.60,0.4847,-0.3666,0.2993,0.5407,0.4904,0.4732,0.4933,0.0043
56.64,-133.20,-41.12,22.57,-115.98,59.10,85.36,60.22,0.4880,-0.3581,0.3004,0.5410,0.4902,0.4730,0.4933,0.0043
56.74,-133.43,-40.30,22.71,-117.69,59.15,85.70,61.03,0.4838,-0.3502,0.3023,0.5412,0.4899,0.4728,0.4935,0.0043
56.85,-133.19,-39.49,23.07,-119.41,59.75,86.44,61.81,0.4760,-0.3439,0.3044,0.5412,0.4899,0.4726,0.4936,0.0043
56.95,-133.01,-38.86,23.34,-120.69,60.25,86.97,62.36,0.4702,-0.3392,0.3062,0.5411,0.4900,0.4726,0.4937,0.0043
57.05,-132.47,-38.45,23.71,-121.74,61.00,87.71,62.87,0.4628,-0.3369,0.3070,0.5413,0.4897,0.4724,0.4939,0.0043
57.15,-131.61,-38.23,24.19,-122.63,62.10,88.71,63.35,0.4537,-0.3364,0.3071,0.5414,0.4898,0.4723,0.4940,0.0043
57.25,-131.17,-38.16,24.43,-123.00,62.69,89.24,63.58,0.4493,-0.3360,0.3073,0.5410,0.4900,0.4725,0.4939,0.0043
57.36,-131.07,-38.15,24.48,-123.07,62.82,89.36,63.64,0.4484,-0.3360,0.3073,0.5408,0.4901,0.4725,0.4939,0.0043
57.46,-131.03,-38.37,24.45,-123.11,62.78,89.51,63.83,0.4482,-0.3360,0.3058,0.5409,0.4901,0.4725,0.4938,0.0043
57.56,-130.91,-39.13,24.33,-123.21,62.57,89.96,64.48,0.4482,-0.3360,0.3009,0.5412,0.4901,0.4725,0.4936,0.0043
57.66,-130.56,-40.15,24.25,-123.49,62.51,90.81,65.48,0.4464,-0.3362,0.2942,0.5413,0.4900,0.4725,0.4936,0.0043
57.76,-129.70,-41.23,24.40,-123.69,63.04,92.01,66.46,0.4409,-0.3382,0.2875,0.5414,0.4899,0.4723,0.4938,0.0043
57.87,-128.74,-41.97,24.65,-123.10,63.82,92.79,66.55,0.4359,-0.3441,0.2844,0.5408,0.4902,0.4723,0.4942,0.0043
57.97,-128.23,-42.32,24.76,-122.28,64.21,92.91,66.07,0.4344,-0.3496,0.2836,0.5408,0.4902,0.4725,0.4940,0.0043
58.07,-128.11,-42.40,24.78,-122.01,64.31,92.92,65.89,0.4342,-0.3512,0.2836,0.5408,0.4902,0.4726,0.4939,0.0043
58.17,-128.09,-42.41,24.79,-121.96,64.32,92.92,65.86,0.4342,-0.3515,0.2837,0.5408,0.4902,0.4726,0.4939,0.0043
58.27,-128.08,-42.42,24.79,-121.90,64.33,92.91,65.82,0.4342,-0.3517,0.2838,0.5406,0.4902,0.4726,0.4940,0.0043
58.38,-127.99,-42.49,24.80,-121.63,64.38,92.89,65.64,0.4343,-0.3532,0.2838,0.5406,0.4903,0.4726,0.4940,0.0043
58.48,-127.82,-42.60,24.83,-121.16,64.67,92.88,65.33,0.4343,-0.3551,0.2837,0.5400,0.4912,0.4733,0.4931,0.0043
58.58,-127.57,-42.73,24.92,-120.41,65.60,93.01,64.80,0.4342,-0.3558,0.2838,0.5374,0.4949,0.4761,0.4894,0.0043
58.68,-127.32,-42.80,25.06,-119.55,66.78,93.09,64.14,0.4342,-0.3560,0.2839,0.5345,0.5000,0.4795,0.4842,0.0043
58.78,-127.11,-42.85,25.21,-118.67,67.99,93.12,63.42,0.4343,-0.3560,0.2839,0.5317,0.5055,0.4826,0.4785,0.0043
58.89,-126.93,-42.88,25.37,-117.79,69.19,93.12,62.66,0.4342,-0.3559,0.2838,0.5292,0.5110,0.4854,0.4724,0.0043
58.99,-126.77,-42.90,25.53,-116.90,70.37,93.12,61.89,0.4343,-0.3560,0.2839,0.5267,0.5166,0.4880,0.4664,0.0043
59.09,-126.62,-42.93,25.68,-116.00,71.53,93.12,61.12,0.4342,-0.3560,0.2838,0.5244,0.5222,0.4905,0.4602,0.0043
59.19,-126.48,-42.96,25.82,-115.10,72.66,93.15,60.35,0.4343,-0.3559,0.2838,0.5219,0.5276,0.4930,0.4541,0.0043
59.29,-126.33,-43.04,25.94,-114.19,73.76,93.24,59.60,0.4343,-0.3559,0.2838,0.5193,0.5329,0.4956,0.4481,0.0043
59.40,-126.23,-43.10,25.99,-113.66,74.41,93.34,59.16,0.4343,-0.3557,0.2837,0.5176,0.5360,0.4975,0.4442,0.0043
59.50,-126.21,-43.12,26.00,-113.54,74.57,93.37,59.06,0.4343,-0.3556,0.2837,0.5172,0.5367,0.4980,0.4432,0.0043
59.60,-126.21,-43.13,26.00,-113.53,74.59,93.38,59.04,0.4343,-0.3556,0.2837,0.5172,0.5368,0.4981,0.4431,0.0043
59.70,-126.21,-43.13,26.00,-113.53,74.59,93.38,59.04,0.4343,-0.3556,0.2837,0.5172,0.5368,0.4981,0.4430,0.0043
59.80,-126.21,-43.13,26.00,-113.53,74.59,93.38,59.04,0.4343,-0.3556,0.2837,0.5172,0.5368,0.4981,0.4430,0.0043
59.91,-126.21,-43.13,26.00,-113.53,74.59,93.38,59.04,0.4343,-0.3555,0.2837,0.5172,0.5367,0.4981,0.4430,0.0043
60.01,-126.21,-43.13,26.00,-113.53,74.59,93.38,59.04,0.4343,-0.3555,0.2836,0.5172,0.5367,0.4981,0.4430,0.0043
60.11,-126.21,-43.13,26.00,-113.53,74.59,93.38,59.04,0.4343,-0.3555,0.2836,0.5172,0.5367,0.4981,0.4430,0.0043
60.21,-126.21,-43.13,26.00,-113.53,74.59,93.38,59.04,0.4343,-0.3555,0.2836,0.5172,0.5367,0.4981,0.4430,0.0043
60.31,-126.21,-43.13,26.00,-113.53,74.59,93.38,59.04,0.4343,-0.3555,0.2836,0.5172,0.5367,0.4981,0.4430,0.0043
60.42,-126.21,-43.13,26.00,-113.54,74.59,93.38,59.04,0.4343,-0.3555,0.2836,0.5172,0.5367,0.4981,0.4430,0.0043
60.52,-126.21,-43.13,26.00,-113.54,74.59,93.38,59.04,0.4343,-0.3555,0.2836,0.5172,0.5367,0.4981,0.4430,0.0043
60.62,-126.21,-43.13,26.00,-113.54,74.59,93.38,59.04,0.4343,-0.3555,0.2836,0.5172,0.5367,0.4981,0.4430,0.0043
60.72,-126.21,-43.13,26.00,-113.54,74.59,93.38,59.04,0.4343,-0.3555,0.2836,0.5172,0.5367,0.4981,0.4430,0.0043
60.83,-126.21,-43.13,26.00,-113.54,74.59,93.38,59.04,0.4343,-0.3555,0.2836,0.5172,0.5367,0.4981,0.4430,0.0043
60.93,-126.21,-43.13,26.00,-113.54,74.59,93.38,59.04,0.4343,-0.3555,0.2836,0.5172,0.5367,0.4981,0.4430,0.0043
61.03,-126.21,-43.13,26.00,-113.54,74.59,93.38,59.04,0.4343,-0.3555,0.2836,0.5172,0.5367,0.4981,0.4430,0.0043
61.13,-126.21,-43.13,26.00,-113.54,74.59,93.38,59.04,0.4343,-0.3555,0.2836,0.5172,0.5367,0.4981,0.4430,0.0043
61.23,-126.21,-43.13,26.00,-113.54,74.59,93.38,59.04,0.4343,-0.3555,0.2836,0.5172,0.5367,0.4981,0.4430,0.0043
61.34,-126.21,-43.13,26.00,-113.54,74.59,93.38,59.04,0.4343,-0.3555,0.2836,0.5172,0.5367,0.4981,0.4430,0.0043
61.44,-126.21,-43.13,26.00,-113.54,74.59,93.38,59.04,0.4343,-0.3555,0.2836,0.5172,0.5367,0.4981,0.4430,0.0043
61.54,-126.21,-43.13,26.00,-113.54,74.59,93.38,59.04,0.4343,-0.3555,0.2836,0.5172,0.5367,0.4981,0.4430,0.0043
61.64,-126.21,-43.13,26.00,-113.54,74.59,93.38,59.04,0.4343,-0.3555,0.2836,0.5172,0.5367,0.4981,0.4430,0.0043
61.74,-126.21,-43.13,26.00,-113.54,74.59,93.38,59.04,0.4343,-0.3555,0.2836,0.5172,0.5367,0.4981,0.4430,0.0043
61.85,-126.21,-43.13,26.00,-113.54,74.59,93.38,59.04,0.4343,-0.3555,0.2836,0.5172,0.5367,0.4981,0.4430,0.0043
61.95,-126.21,-43.13,26.00,-113.54,74.59,93.38,59.04,0.4343,-0.3555,0.2836,0.5172,0.5367,0.4981,0.4430,0.0043
62.05,-126.21,-43.13,26.00,-113.54,74.59,93.38,59.04,0.4343,-0.3555,0.2836,0.5172,0.5367,0.4981,0.4430,0.0043
62.15,-126.21,-43.13,26.00,-113.54,74.59,93.38,59.04,0.4343,-0.3555,0.2836,0.5172,0.5367,0.4981,0.4430,0.0043
62.25,-126.21,-43.13,26.00,-113.54,74.59,93.38,59.04,0.4343,-0.3555,0.2836,0.5172,0.5367,0.4981,0.4430,0.0043
62.36,-126.21,-43.13,26.00,-113.54,74.59,93.38,59.04,0.4343,-0.3555,0.2836,0.5172,0.5367,0.4981,0.4430,0.0043
62.46,-126.21,-43.13,26.00,-113.54,74.59,93.38,59.04,0.4343,-0.3555,0.2836,0.5172,0.5367,0.4981,0.4430,0.0043
62.56,-126.21,-43.13,26.00,-113.54,74.59,93.38,59.04,0.4343,-0.3555,0.2836,0.5172,0.5367,0.4981,0.4430,0.0043
62.66,-126.21,-43.13,26.00,-113.54,74.59,93.38,59.04,0.4343,-0.3555,0.2836,0.5172,0.5367,0.4981,0.4430,0.0043
62.76,-126.21,-43.13,26.00,-113.54,74.59,93.38,59.04,0.4343,-0.3555,0.2836,0.5172,0.5367,0.4981,0.4430,0.0043
62.86,-126.21,-43.13,26.00,-113.54,74.59,93.38,59.04,0.4343,-0.3555,0.2836,0.5172,0.5367,0.4981,0.4430,0.0043
62.97,-126.21,-43.13,26.00,-113.54,74.59,93.38,59.04,0.4343,-0.3555,0.2836,0.5172,0.5367,0.4981,0.4430,0.0043
63.07,-126.21,-43.13,26.00,-113.54,74.59,93.38,59.04,0.4343,-0.3555,0.2836,0.5172,0.5367,0.4981,0.4430,0.0043
63.17,-126.21,-43.13,26.00,-113.54,74.59,93.38,59.04,0.4343,-0.3555,0.2836,0.5172,0.5367,0.4981,0.4430,0.0043
63.27,-126.21,-43.13,26.00,-113.54,74.59,93.38,59.04,0.4343,-0.3555,0.2836,0.5172,0.5367,0.4981,0.4430,0.0043
63.38,-126.21,-43.13,26.00,-113.54,74.59,93.38,59.04,0.4343,-0.3555,0.2836,0.5172,0.5367,0.4981,0.4430,0.0043
63.48,-126.21,-43.13,26.00,-113.54,74.59,93.38,59.04,0.4343,-0.3555,0.2836,0.5172,0.5367,0.4981,0.4430,0.0043
63.58,-126.21,-43.13,26.00,-113.54,74.59,93.38,59.04,0.4343,-0.3555,0.2836,0.5172,0.5367,0.4981,0.4430,0.0043
63.68,-126.21,-43.13,26.00,-113.54,74.59,93.38,59.04,0.4343,-0.3555,0.2836,0.5172,0.5367,0.4981,0.4430,0.0043
63.78,-126.21,-43.13,26.00,-113.54,74.59,93.38,59.04,0.4343,-0.3555,0.2836,0.5172,0.5367,0.4981,0.4430,0.0043
63.89,-126.21,-43.13,26.00,-113.54,74.59,93.38,59.04,0.4343,-0.3555,0.2836,0.5172,0.5367,0.4981,0.4430,0.0043
63.99,-126.21,-43.13,26.00,-113.54,74.59,93.38,59.04,0.4343,-0.3555,0.2836,0.5172,0.5367,0.4981,0.4430,0.0043
64.09,-126.21,-43.13,26.00,-113.54,74.59,93.38,59.04,0.4343,-0.3555,0.2836,0.5172,0.5367,0.4981,0.4430,0.0043
64.19,-126.21,-43.13,26.00,-113.54,74.59,93.38,59.04,0.4343,-0.3555,0.2836,0.5172,0.5367,0.4981,0.4430,0.0043
64.29,-126.21,-43.13,26.00,-113.54,74.59,93.38,59.04,0.4343,-0.3555,0.2836,0.5172,0.5367,0.4981,0.4430,0.0043
64.40,-126.21,-43.13,26.00,-113.54,74.59,93.38,59.04,0.4343,-0.3555,0.2836,0.5172,0.5367,0.4981,0.4430,0.0043
64.50,-126.21,-43.13,26.00,-113.54,74.59,93.38,59.04,0.4343,-0.3555,0.2836,0.5172,0.5367,0.4981,0.4430,0.0043
64.60,-126.21,-43.13,26.00,-113.54,74.59,93.38,59.04,0.4343,-0.3555,0.2836,0.5172,0.5367,0.4981,0.4430,0.0043
64.70,-126.21,-43.13,26.00,-113.54,74.59,93.38,59.04,0.4343,-0.3555,0.2836,0.5172,0.5367,0.4981,0.4430,0.0043
64.80,-126.21,-43.13,26.00,-113.54,74.59,93.38,59.04,0.4343,-0.3555,0.2836,0.5172,0.5367,0.4981,0.4430,0.0043
64.91,-126.21,-43.13,26.00,-113.54,74.59,93.38,59.04,0.4343,-0.3555,0.2836,0.5172,0.5367,0.4981,0.4430,0.0043
65.01,-126.21,-43.13,26.00,-113.54,74.59,93.38,59.04,0.4343,-0.3555,0.2836,0.5172,0.5367,0.4981,0.4430,0.0043
65.11,-126.21,-43.13,26.00,-113.54,74.59,93.38,59.04,0.4343,-0.3555,0.2836,0.5172,0.5367,0.4981,0.4430,0.0043
65.21,-126.21,-43.13,26.00,-113.54,74.59,93.38,59.04,0.4343,-0.3555,0.2836,0.5172,0.5367,0.4981,0.4430,0.0043
65.31,-126.21,-43.13,26.00,-113.54,74.59,93.38,59.04,0.4343,-0.3555,0.2836,0.5172,0.5367,0.4981,0.4430,0.0043
65.41,-126.21,-43.13,26.00,-113.54,74.59,93.38,59.04,0.4343,-0.3555,0.2836,0.5172,0.5367,0.4981,0.4430,0.0043
65.52,-126.21,-43.13,26.00,-113.54,74.59,93.38,59.04,0.4343,-0.3555,0.2836,0.5172,0.5367,0.4981,0.4430,0.0043
65.62,-126.21,-43.13,26.00,-113.54,74.59,93.38,59.04,0.4343,-0.3555,0.2836,0.5172,0.5367,0.4981,0.4430,0.0043
65.72,-126.21,-43.13,26.00,-113.54,74.59,93.38,59.04,0.4343,-0.3555,0.2836,0.5172,0.5367,0.4981,0.4430,0.0043
65.82,-126.21,-43.13,26.00,-113.54,74.59,93.38,59.04,0.4343,-0.3555,0.2836,0.5172,0.5367,0.4981,0.4430,0.0043
65.92,-126.21,-43.13,26.00,-113.54,74.59,93.38,59.04,0.4343,-0.3555,0.2836,0.5172,0.5367,0.4981,0.4430,0.0043
66.02,-126.21,-43.13,26.00,-113.54,74.59,93.38,59.04,0.4343,-0.3555,0.2836,0.5172,0.5367,0.4981,0.4430,0.0043
66.13,-126.21,-43.13,26.00,-113.54,74.59,93.38,59.04,0.4343,-0.3555,0.2836,0.5172,0.5367,0.4981,0.4430,0.0043
66.23,-126.21,-43.13,26.00,-113.54,74.59,93.38,59.04,0.4343,-0.3555,0.2836,0.5172,0.5367,0.4981,0.4430,0.0043
66.33,-126.21,-43.13,26.00,-113.54,74.59,93.38,59.04,0.4343,-0.3555,0.2836,0.5172,0.5367,0.4981,0.4430,0.0043
66.43,-126.21,-43.13,26.00,-113.54,74.59,93.38,59.04,0.4343,-0.3555,0.2836,0.5172,0.5367,0.4981,0.4430,0.0043
66.53,-126.21,-43.13,26.00,-113.54,74.59,93.38,59.04,0.4343,-0.3555,0.2836,0.5172,0.5367,0.4981,0.4430,0.0043
66.64,-126.21,-43.13,26.00,-113.54,74.59,93.38,59.04,0.4343,-0.3555,0.2836,0.5172,0.5367,0.4981,0.4430,0.0043
66.74,-126.21,-43.13,26.00,-113.54,74.59,93.38,59.04,0.4343,-0.3555,0.2836,0.5172,0.5367,0.4981,0.4430,0.0043
66.84,-126.21,-43.13,26.00,-113.54,74.59,93.38,59.04,0.4343,-0.3555,0.2836,0.5172,0.5367,0.4981,0.4430,0.0043
66.94,-126.21,-43.13,26.00,-113.54,74.59,93.38,59.04,0.4343,-0.3555,0.2836,0.5172,0.5367,0.4981,0.4430,0.0043
67.04,-126.21,-43.13,26.00,-113.54,74.59,93.38,59.04,0.4343,-0.3555,0.2836,0.5172,0.5367,0.4981,0.4430,0.0043
67.15,-126.21,-43.13,26.00,-113.54,74.59,93.38,59.04,0.4343,-0.3555,0.2836,0.5172,0.5367,0.4981,0.4430,0.0043
67.25,-126.21,-43.13,26.00,-113.54,74.59,93.38,59.04,0.4343,-0.3555,0.2836,0.5172,0.5367,0.4981,0.4430,0.0043
67.35,-126.21,-43.13,26.00,-113.54,74.59,93.38,59.04,0.4343,-0.3555,0.2836,0.5172,0.5367,0.4981,0.4430,0.0043
67.45,-126.21,-43.13,26.00,-113.54,74.59,93.38,59.04,0.4343,-0.3555,0.2836,0.5172,0.5367,0.4981,0.4430,0.0043
67.55,-126.21,-43.13,26.00,-113.54,74.59,93.38,59.04,0.4343,-0.3555,0.2836,0.5172,0.5367,0.4981,0.4430,0.0043
67.65,-126.21,-43.13,26.00,-113.54,74.59,93.38,59.04,0.4343,-0.3555,0.2836,0.5172,0.5367,0.4981,0.4430,0.0043
67.76,-126.21,-43.13,26.00,-113.54,74.59,93.38,59.04,0.4343,-0.3555,0.2836,0.5172,0.5367,0.4981,0.4430,0.0043
67.86,-126.21,-43.13,26.00,-113.54,74.59,93.38,59.04,0.4343,-0.3555,0.2836,0.5172,0.5367,0.4981,0.4430,0.0043
67.96,-126.21,-43.13,26.00,-113.54,74.59,93.38,59.04,0.4343,-0.3555,0.2836,0.5172,0.5367,0.4981,0.4430,0.0043
68.06,-126.21,-43.13,26.00,-113.54,74.59,93.38,59.04,0.4343,-0.3555,0.2836,0.5172,0.5367,0.4981,0.4430,0.0043
68.16,-126.21,-43.13,26.00,-113.54,74.59,93.38,59.04,0.4343,-0.3555,0.2836,0.5172,0.5367,0.4981,0.4430,0.0043
68.26,-126.21,-43.13,26.00,-113.54,74.59,93.38,59.04,0.4343,-0.3555,0.2836,0.5172,0.5367,0.4981,0.4430,0.0043
68.37,-126.21,-43.13,26.00,-113.54,74.59,93.38,59.04,0.4343,-0.3555,0.2836,0.5172,0.5367,0.4981,0.4430,0.0043
68.47,-126.21,-43.13,26.00,-113.54,74.59,93.38,59.04,0.4343,-0.3555,0.2836,0.5172,0.5367,0.4981,0.4430,0.0043
68.57,-126.21,-43.13,26.00,-113.54,74.59,93.38,59.04,0.4343,-0.3555,0.2836,0.5172,0.5367,0.4981,0.4430,0.0043
68.67,-126.21,-43.13,26.00,-113.54,74.59,93.38,59.04,0.4343,-0.3555,0.2836,0.5172,0.5367,0.4981,0.4430,0.0043
68.77,-126.21,-43.13,26.00,-113.54,74.59,93.38,59.04,0.4343,-0.3555,0.2836,0.5172,0.5367,0.4981,0.4430,0.0043
68.87,-126.21,-43.13,26.00,-113.54,74.59,93.38,59.04,0.4343,-0.3555,0.2836,0.5172,0.5367,0.4981,0.4430,0.0043
68.98,-126.21,-43.13,26.00,-113.54,74.59,93.38,59.04,0.4343,-0.3555,0.2836,0.5172,0.5367,0.4981,0.4430,0.0043
69.08,-126.21,-43.13,26.00,-113.54,74.59,93.38,59.04,0.4343,-0.3555,0.2836,0.5172,0.5367,0.4981,0.4430,0.0043
69.18,-126.21,-43.13,26.00,-113.54,74.59,93.38,59.04,0.4343,-0.3555,0.2836,0.5172,0.5367,0.4981,0.4430,0.0043
69.28,-126.21,-43.13,26.00,-113.54,74.59,93.38,59.04,0.4343,-0.3555,0.2836,0.5172,0.5367,0.4981,0.4430,0.0043
69.38,-126.21,-43.13,26.00,-113.54,74.59,93.38,59.04,0.4343,-0.3555,0.2836,0.5172,0.5367,0.4981,0.4430,0.0043
69.48,-126.21,-43.13,26.00,-113.54,74.59,93.38,59.04,0.4343,-0.3555,0.2836,0.5172,0.5367,0.4981,0.4430,0.0043
69.59,-126.21,-43.13,26.00,-113.54,74.59,93.38,59.04,0.4343,-0.3555,0.2836,0.5172,0.5367,0.4981,0.4430,0.0043
69.69,-126.21,-43.13,26.00,-113.54,74.59,93.38,59.04,0.4343,-0.3555,0.2836,0.5172,0.5367,0.4981,0.4430,0.0043
69.79,-126.21,-43.13,26.00,-113.54,74.59,93.38,59.04,0.4343,-0.3555,0.2836,0.5172,0.5367,0.4981,0.4430,0.0043
69.89,-126.21,-43.13,26.00,-113.54,74.59,93.38,59.04,0.4343,-0.3555,0.2836,0.5172,0.5367,0.4981,0.4430,0.0043
69.99,-126.21,-43.13,26.00,-113.54,74.59,93.38,59.04,0.4343,-0.3555,0.2836,0.5172,0.5367,0.4981,0.4430,0.0043
70.10,-126.21,-43.13,26.00,-113.54,74.59,93.38,59.04,0.4343,-0.3555,0.2836,0.5172,0.5367,0.4981,0.4430,0.0043
70.20,-126.21,-43.13,26.00,-113.54,74.59,93.38,59.04,0.4343,-0.3555,0.2836,0.5172,0.5367,0.4981,0.4430,0.0043
70.30,-126.21,-43.13,26.00,-113.54,74.59,93.38,59.04,0.4343,-0.3555,0.2836,0.5172,0.5367,0.4981,0.4430,0.0043
70.40,-126.21,-43.13,26.00,-113.54,74.59,93.38,59.04,0.4343,-0.3555,0.2836,0.5172,0.5367,0.4981,0.4430,0.0043
70.50,-126.21,-43.13,26.00,-113.54,74.59,93.38,59.04,0.4343,-0.3555,0.2836,0.5172,0.5367,0.4981,0.4430,0.0043
70.61,-126.21,-43.13,26.00,-113.54,74.59,93.38,59.04,0.4343,-0.3555,0.2836,0.5172,0.5367,0.4981,0.4430,0.0043
70.71,-126.21,-43.13,26.00,-113.54,74.59,93.38,59.04,0.4343,-0.3555,0.2836,0.5172,0.5367,0.4981,0.4430,0.0043
70.81,-126.21,-43.13,26.00,-113.54,74.59,93.38,59.04,0.4343,-0.3555,0.2836,0.5172,0.5367,0.4981,0.4430,0.0043
70.91,-126.21,-43.13,26.00,-113.54,74.59,93.38,59.04,0.4343,-0.3555,0.2836,0.5172,0.5367,0.4981,0.4430,0.0043
71.01,-126.21,-43.13,26.00,-113.54,74.59,93.38,59.04,0.4343,-0.3555,0.2836,0.5172,0.5367,0.4981,0.4430,0.0043
71.12,-126.21,-43.13,26.00,-113.54,74.59,93.38,59.04,0.4343,-0.3555,0.2836,0.5172,0.5367,0.4981,0.4430,0.0043
71.22,-126.21,-43.13,26.00,-113.54,74.59,93.38,59.04,0.4343,-0.3555,0.2836,0.5172,0.5367,0.4981,0.4430,0.0043
71.32,-126.21,-43.13,26.00,-113.54,74.59,93.38,59.04,0.4343,-0.3555,0.2836,0.5172,0.5367,0.4981,0.4430,0.0043
71.42,-126.21,-43.13,26.00,-113.54,74.59,93.38,59.04,0.4343,-0.3555,0.2836,0.5172,0.5367,0.4981,0.4430,0.0043
71.52,-126.21,-43.13,26.00,-113.54,74.59,93.38,59.04,0.4343,-0.3555,0.2836,0.5172,0.5367,0.4981,0.4430,0.0043
71.63,-126.21,-43.13,26.00,-113.54,74.59,93.38,59.04,0.4343,-0.3555,0.2836,0.5172,0.5367,0.4981,0.4430,0.0043
71.73,-126.21,-43.13,26.00,-113.54,74.59,93.38,59.04,0.4343,-0.3555,0.2836,0.5172,0.5367,0.4981,0.4430,0.0043
71.83,-126.21,-43.13,26.00,-113.54,74.59,93.38,59.04,0.4343,-0.3555,0.2836,0.5172,0.5367,0.4981,0.4430,0.0043
71.93,-126.21,-43.13,26.00,-113.54,74.59,93.38,59.04,0.4343,-0.3555,0.2836,0.5172,0.5367,0.4981,0.4430,0.0043
72.03,-126.21,-43.13,26.00,-113.54,74.59,93.38,59.04,0.4343,-0.3555,0.2836,0.5172,0.5367,0.4981,0.4430,0.0043
72.14,-126.21,-43.13,26.00,-113.54,74.59,93.38,59.04,0.4343,-0.3555,0.2836,0.5172,0.5367,0.4981,0.4430,0.0043
72.24,-126.21,-43.13,26.00,-113.54,74.59,93.38,59.04,0.4343,-0.3555,0.2836,0.5172,0.5367,0.4981,0.4430,0.0043
72.34,-126.21,-43.13,26.00,-113.54,74.59,93.38,59.04,0.4343,-0.3555,0.2836,0.5172,0.5367,0.4981,0.4430,0.0043
72.44,-126.21,-43.13,26.00,-113.54,74.59,93.38,59.04,0.4343,-0.3555,0.2836,0.5172,0.5367,0.4981,0.4430,0.0043
72.54,-126.21,-43.13,26.00,-113.54,74.59,93.38,59.04,0.4343,-0.3555,0.2836,0.5172,0.5367,0.4981,0.4430,0.0043
72.65,-126.21,-43.13,26.00,-113.54,74.59,93.38,59.04,0.4343,-0.3555,0.2836,0.5172,0.5367,0.4981,0.4430,0.0043
72.75,-126.21,-43.13,26.00,-113.54,74.59,93.38,59.04,0.4343,-0.3555,0.2836,0.5172,0.5367,0.4981,0.4430,0.0043
72.85,-126.21,-43.13,26.00,-113.54,74.59,93.38,59.04,0.4343,-0.3555,0.2836,0.5172,0.5367,0.4981,0.4430,0.0043
72.95,-126.21,-43.13,26.00,-113.54,74.59,93.38,59.04,0.4343,-0.3555,0.2836,0.5172,0.5367,0.4981,0.4430,0.0043
73.05,-126.21,-43.13,26.00,-113.54,74.59,93.38,59.04,0.4343,-0.3555,0.2836,0.5172,0.5367,0.4981,0.4430,0.0043
73.16,-126.21,-43.13,26.00,-113.54,74.59,93.38,59.04,0.4343,-0.3555,0.2836,0.5172,0.5367,0.4981,0.4430,0.0043
73.26,-126.21,-43.13,26.00,-113.54,74.59,93.38,59.04,0.4343,-0.3555,0.2836,0.5172,0.5367,0.4981,0.4430,0.0043
73.36,-126.21,-43.13,26.00,-113.54,74.59,93.38,59.04,0.4343,-0.3555,0.2836,0.5172,0.5367,0.4981,0.4430,0.0043
73.46,-126.21,-43.13,26.00,-113.54,74.59,93.38,59.04,0.4343,-0.3555,0.2836,0.5172,0.5367,0.4981,0.4430,0.0043
73.56,-126.21,-43.13,26.00,-113.54,74.59,93.38,59.04,0.4343,-0.3555,0.2836,0.5172,0.5367,0.4981,0.4430,0.0043
73.67,-126.21,-43.13,26.00,-113.54,74.59,93.38,59.04,0.4343,-0.3555,0.2836,0.5172,0.5367,0.4981,0.4430,0.0043
73.77,-126.21,-43.13,26.00,-113.54,74.59,93.38,59.04,0.4343,-0.3555,0.2836,0.5172,0.5367,0.4981,0.4430,0.0043
73.87,-126.21,-43.13,26.00,-113.54,74.59,93.38,59.04,0.4343,-0.3555,0.2836,0.5172,0.5367,0.4981,0.4430,0.0043
73.97,-126.21,-43.13,26.00,-113.54,74.59,93.38,59.04,0.4343,-0.3555,0.2836,0.5172,0.5367,0.4981,0.4430,0.0043
74.07,-126.21,-43.13,26.00,-113.54,74.59,93.38,59.04,0.4343,-0.3555,0.2836,0.5172,0.5367,0.4981,0.4430,0.0043
74.18,-126.21,-43.13,26.00,-113.54,74.59,93.38,59.04,0.4343,-0.3555,0.2836,0.5172,0.5367,0.4981,0.4430,0.0043
74.28,-126.21,-43.13,26.00,-113.54,74.59,93.38,59.04,0.4343,-0.3555,0.2836,0.5172,0.5367,0.4981,0.4430,0.0043
74.38,-126.21,-43.13,26.00,-113.54,74.59,93.38,59.04,0.4343,-0.3555,0.2836,0.5172,0.5367,0.4981,0.4430,0.0043
74.48,-126.21,-43.13,26.00,-113.54,74.59,93.38,59.04,0.4343,-0.3555,0.2836,0.5172,0.5367,0.4981,0.4430,0.0043
74.58,-126.21,-43.13,26.00,-113.54,74.59,93.38,59.04,0.4343,-0.3555,0.2836,0.5172,0.5367,0.4981,0.4430,0.0043
74.69,-126.21,-43.13,26.00,-113.54,74.59,93.38,59.04,0.4343,-0.3555,0.2836,0.5172,0.5367,0.4981,0.4430,0.0043
74.79,-126.21,-43.13,26.00,-113.54,74.59,93.38,59.04,0.4343,-0.3555,0.2836,0.5172,0.5367,0.4981,0.4430,0.0043
74.89,-126.21,-43.13,26.00,-113.54,74.59,93.38,59.04,0.4343,-0.3555,0.2836,0.5172,0.5367,0.4981,0.4430,0.0043
74.99,-126.21,-43.13,26.00,-113.54,74.59,93.38,59.04,0.4343,-0.3555,0.2836,0.5172,0.5367,0.4981,0.4430,0.0043
75.09,-126.21,-43.13,26.00,-113.54,74.59,93.38,59.04,0.4343,-0.3555,0.2836,0.5172,0.5367,0.4981,0.4430,0.0043
75.20,-126.21,-43.13,26.00,-113.54,74.59,93.38,59.04,0.4343,-0.3555,0.2836,0.5172,0.5367,0.4981,0.4430,0.0043
75.30,-126.21,-43.13,26.00,-113.54,74.59,93.38,59.04,0.4343,-0.3555,0.2836,0.5172,0.5367,0.4981,0.4430,0.0043
75.40,-126.21,-43.13,26.00,-113.54,74.59,93.38,59.04,0.4343,-0.3555,0.2836,0.5172,0.5367,0.4981,0.4430,0.0043
75.50,-126.21,-43.13,26.00,-113.54,74.59,93.38,59.04,0.4343,-0.3555,0.2836,0.5172,0.5367,0.4981,0.4430,0.0043
75.60,-126.21,-43.13,26.00,-113.54,74.59,93.38,59.04,0.4343,-0.3555,0.2836,0.5172,0.5367,0.4981,0.4430,0.0043
75.71,-126.21,-43.13,26.00,-113.54,74.59,93.38,59.04,0.4343,-0.3555,0.2836,0.5172,0.5367,0.4981,0.4430,0.0043
75.81,-126.21,-43.13,26.00,-113.54,74.59,93.38,59.04,0.4343,-0.3555,0.2836,0.5172,0.5367,0.4981,0.4430,0.0043
75.91,-126.21,-43.13,26.00,-113.54,74.59,93.38,59.04,0.4343,-0.3555,0.2836,0.5172,0.5367,0.4981,0.4430,0.0043
76.01,-126.21,-43.13,26.00,-113.54,74.59,93.38,59.04,0.4343,-0.3555,0.2836,0.5172,0.5367,0.4981,0.4430,0.0043
76.11,-126.21,-43.13,26.00,-113.54,74.59,93.38,59.04,0.4343,-0.3555,0.2836,0.5172,0.5367,0.4981,0.4430,0.0043
76.22,-126.21,-43.13,26.00,-113.54,74.59,93.38,59.04,0.4343,-0.3555,0.2836,0.5172,0.5367,0.4981,0.4430,0.0043
76.32,-126.21,-43.13,26.00,-113.54,74.59,93.38,59.04,0.4343,-0.3555,0.2836,0.5172,0.5367,0.4981,0.4430,0.0043
76.42,-126.21,-43.13,26.00,-113.54,74.59,93.38,59.04,0.4343,-0.3555,0.2836,0.5172,0.5367,0.4981,0.4430,0.0043
76.52,-126.21,-43.13,26.00,-113.54,74.59,93.38,59.04,0.4343,-0.3555,0.2836,0.5172,0.5367,0.4981,0.4430,0.0043
76.62,-126.21,-43.13,26.00,-113.54,74.59,93.38,59.04,0.4343,-0.3555,0.2836,0.5172,0.5367,0.4981,0.4430,0.0043
76.73,-126.21,-43.13,26.00,-113.54,74.59,93.38,59.04,0.4343,-0.3555,0.2836,0.5172,0.5367,0.4981,0.4430,0.0043
76.83,-126.21,-43.13,26.00,-113.54,74.59,93.38,59.04,0.4343,-0.3555,0.2836,0.5172,0.5367,0.4981,0.4430,0.0043
76.93,-126.21,-43.13,26.00,-113.54,74.59,93.38,59.04,0.4343,-0.3555,0.2836,0.5172,0.5367,0.4981,0.4430,0.0043
77.03,-126.21,-43.13,26.00,-113.54,74.59,93.38,59.04,0.4343,-0.3555,0.2836,0.5172,0.5367,0.4981,0.4430,0.0043
77.13,-126.21,-43.13,26.00,-113.54,74.59,93.38,59.04,0.4343,-0.3555,0.2836,0.5172,0.5367,0.4981,0.4430,0.0043
77.24,-126.21,-43.13,26.00,-113.54,74.59,93.38,59.04,0.4343,-0.3555,0.2836,0.5172,0.5367,0.4981,0.4430,0.0043
77.34,-126.21,-43.13,26.00,-113.54,74.59,93.38,59.04,0.4343,-0.3555,0.2836,0.5172,0.5367,0.4981,0.4430,0.0043
77.44,-126.21,-43.13,26.00,-113.54,74.59,93.38,59.04,0.4343,-0.3555,0.2836,0.5172,0.5367,0.4981,0.4430,0.0043
77.54,-126.21,-43.13,26.00,-113.54,74.59,93.38,59.04,0.4343,-0.3555,0.2836,0.5172,0.5367,0.4981,0.4430,0.0043
77.64,-126.21,-43.13,26.00,-113.54,74.59,93.38,59.04,0.4343,-0.3555,0.2836,0.5172,0.5367,0.4981,0.4430,0.0043
77.74,-126.21,-43.13,26.00,-113.54,74.59,93.38,59.04,0.4343,-0.3555,0.2836,0.5172,0.5367,0.4981,0.4430,0.0043
77.85,-126.21,-43.13,26.00,-113.54,74.59,93.38,59.04,0.4343,-0.3555,0.2836,0.5172,0.5367,0.4981,0.4430,0.0043
77.95,-126.21,-43.13,26.00,-113.54,74.59,93.38,59.04,0.4343,-0.3555,0.2836,0.5172,0.5367,0.4981,0.4430,0.0043
78.05,-126.21,-43.13,26.00,-113.54,74.59,93.38,59.04,0.4343,-0.3555,0.2836,0.5172,0.5367,0.4981,0.4430,0.0043
78.15,-126.21,-43.13,26.00,-113.54,74.59,93.38,59.04,0.4343,-0.3555,0.2836,0.5172,0.5367,0.4981,0.4430,0.0043
78.25,-126.21,-43.13,26.00,-113.54,74.59,93.38,59.04,0.4343,-0.3555,0.2836,0.5172,0.5367,0.4981,0.4430,0.0043
78.36,-126.21,-43.13,26.00,-113.54,74.59,93.38,59.04,0.4343,-0.3555,0.2836,0.5172,0.5367,0.4981,0.4430,0.0043
78.46,-126.21,-43.13,26.00,-113.54,74.59,93.38,59.04,0.4343,-0.3555,0.2836,0.5172,0.5367,0.4981,0.4430,0.0043
78.56,-126.21,-43.13,26.00,-113.54,74.59,93.38,59.04,0.4343,-0.3555,0.2836,0.5172,0.5367,0.4981,0.4430,0.0043
78.66,-126.21,-43.13,26.00,-113.54,74.59,93.38,59.04,0.4343,-0.3555,0.2836,0.5172,0.5367,0.4981,0.4430,0.0043
78.76,-126.21,-43.13,26.00,-113.54,74.59,93.38,59.04,0.4343,-0.3555,0.2836,0.5172,0.5367,0.4981,0.4430,0.0043
78.86,-126.21,-43.13,26.00,-113.54,74.59,93.38,59.04,0.4343,-0.3555,0.2836,0.5172,0.5367,0.4981,0.4430,0.0043
78.97,-126.21,-43.13,26.00,-113.54,74.59,93.38,59.04,0.4343,-0.3555,0.2836,0.5172,0.5367,0.4981,0.4430,0.0043
79.07,-126.21,-43.13,26.00,-113.54,74.59,93.38,59.04,0.4343,-0.3555,0.2836,0.5172,0.5367,0.4981,0.4430,0.0043
79.17,-126.21,-43.13,26.00,-113.54,74.59,93.38,59.04,0.4343,-0.3555,0.2836,0.5172,0.5367,0.4981,0.4430,0.0043
79.27,-126.21,-43.13,26.00,-113.54,74.59,93.38,59.04,0.4343,-0.3555,0.2836,0.5172,0.5367,0.4981,0.4430,0.0043
79.37,-126.21,-43.13,26.00,-113.54,74.59,93.38,59.04,0.4343,-0.3555,0.2836,0.5172,0.5367,0.4981,0.4430,0.0043
79.48,-126.21,-43.13,26.00,-113.54,74.59,93.38,59.04,0.4343,-0.3555,0.2836,0.5172,0.5367,0.4981,0.4430,0.0043
79.58,-126.21,-43.13,26.00,-113.54,74.59,93.38,59.04,0.4343,-0.3555,0.2836,0.5172,0.5367,0.4981,0.4430,0.0043
79.68,-126.21,-43.13,26.00,-113.54,74.59,93.38,59.04,0.4343,-0.3555,0.2836,0.5172,0.5367,0.4981,0.4430,0.0043
79.78,-126.21,-43.13,26.00,-113.54,74.59,93.38,59.04,0.4343,-0.3555,0.2836,0.5172,0.5367,0.4981,0.4430,0.0043
79.88,-126.21,-43.13,26.00,-113.54,74.59,93.38,59.04,0.4343,-0.3555,0.2836,0.5172,0.5367,0.4981,0.4430,0.0043
79.99,-126.21,-43.13,26.00,-113.54,74.59,93.38,59.04,0.4343,-0.3555,0.2836,0.5172,0.5367,0.4981,0.4430,0.0043
80.09,-126.21,-43.13,26.00,-113.54,74.59,93.38,59.04,0.4343,-0.3555,0.2836,0.5172,0.5367,0.4981,0.4430,0.0043
80.19,-126.21,-43.13,26.00,-113.54,74.59,93.38,59.04,0.4343,-0.3555,0.2836,0.5172,0.5367,0.4981,0.4430,0.0043
80.29,-126.21,-43.13,26.00,-113.54,74.59,93.38,59.04,0.4343,-0.3555,0.2836,0.5172,0.5367,0.4981,0.4430,0.0043
80.39,-126.21,-43.13,26.00,-113.54,74.59,93.38,59.04,0.4343,-0.3555,0.2836,0.5172,0.5367,0.4981,0.4430,0.0043
80.49,-126.21,-43.13,26.00,-113.54,74.59,93.38,59.04,0.4343,-0.3555,0.2836,0.5172,0.5367,0.4981,0.4430,0.0043
80.60,-126.21,-43.13,26.00,-113.54,74.59,93.38,59.04,0.4343,-0.3555,0.2836,0.5172,0.5367,0.4981,0.4430,0.0043
80.70,-126.21,-43.13,26.00,-113.54,74.59,93.38,59.04,0.4343,-0.3555,0.2836,0.5172,0.5367,0.4981,0.4430,0.0043
80.80,-126.21,-43.13,26.00,-113.54,74.59,93.38,59.04,0.4343,-0.3555,0.2836,0.5172,0.5367,0.4981,0.4430,0.0043
80.90,-126.21,-43.13,26.00,-113.54,74.59,93.38,59.04,0.4343,-0.3555,0.2836,0.5172,0.5367,0.4981,0.4430,0.0043
81.00,-126.21,-43.13,26.00,-113.54,74.59,93.38,59.04,0.4343,-0.3555,0.2836,0.5172,0.5367,0.4981,0.4430,0.0043
81.11,-126.21,-43.13,26.00,-113.54,74.59,93.38,59.04,0.4343,-0.3555,0.2836,0.5172,0.5367,0.4981,0.4430,0.0043
81.21,-126.21,-43.13,26.00,-113.54,74.59,93.38,59.04,0.4343,-0.3555,0.2836,0.5172,0.5367,0.4981,0.4430,0.0043
81.31,-126.21,-43.13,26.00,-113.54,74.59,93.38,59.04,0.4343,-0.3555,0.2836,0.5172,0.5367,0.4981,0.4430,0.0043
81.41,-126.21,-43.13,26.00,-113.54,74.59,93.38,59.04,0.4343,-0.3555,0.2836,0.5172,0.5367,0.4981,0.4430,0.0043
81.51,-126.21,-43.13,26.00,-113.54,74.59,93.38,59.04,0.4343,-0.3555,0.2836,0.5172,0.5367,0.4981,0.4430,0.0043
81.62,-126.21,-43.13,26.00,-113.54,74.59,93.38,59.04,0.4343,-0.3555,0.2836,0.5172,0.5367,0.4981,0.4430,0.0043
81.72,-126.21,-43.13,26.00,-113.54,74.59,93.38,59.04,0.4343,-0.3555,0.2836,0.5172,0.5367,0.4981,0.4430,0.0043
81.82,-126.21,-43.13,26.00,-113.54,74.59,93.38,59.04,0.4343,-0.3555,0.2836,0.5172,0.5367,0.4981,0.4430,0.0043
81.92,-126.21,-43.13,26.00,-113.54,74.59,93.38,59.04,0.4343,-0.3555,0.2836,0.5172,0.5367,0.4981,0.4430,0.0043
82.02,-126.21,-43.13,26.00,-113.54,74.59,93.38,59.04,0.4343,-0.3555,0.2836,0.5172,0.5367,0.4981,0.4430,0.0043
82.13,-126.21,-43.13,26.00,-113.54,74.59,93.38,59.04,0.4343,-0.3555,0.2836,0.5172,0.5367,0.4981,0.4430,0.0043
82.23,-126.21,-43.13,26.00,-113.54,74.59,93.38,59.04,0.4343,-0.3555,0.2836,0.5172,0.5367,0.4981,0.4430,0.0043
82.33,-126.21,-43.13,26.00,-113.54,74.59,93.38,59.04,0.4343,-0.3555,0.2836,0.5172,0.5367,0.4981,0.4430,0.0043
82.43,-126.21,-43.13,26.00,-113.54,74.59,93.38,59.04,0.4343,-0.3555,0.2836,0.5172,0.5367,0.4981,0.4430,0.0043
82.53,-126.21,-43.13,26.00,-113.54,74.59,93.38,59.04,0.4343,-0.3555,0.2836,0.5172,0.5367,0.4981,0.4430,0.0043
82.64,-126.21,-43.13,26.00,-113.54,74.59,93.38,59.04,0.4343,-0.3555,0.2836,0.5172,0.5367,0.4981,0.4430,0.0043
82.74,-126.21,-43.13,26.00,-113.54,74.59,93.38,59.04,0.4343,-0.3555,0.2836,0.5172,0.5367,0.4981,0.4430,0.0043
82.84,-126.21,-43.13,26.00,-113.54,74.59,93.38,59.04,0.4343,-0.3555,0.2836,0.5172,0.5367,0.4981,0.4430,0.0043
82.94,-126.21,-43.13,26.00,-113.54,74.59,93.38,59.04,0.4343,-0.3555,0.2836,0.5172,0.5367,0.4981,0.4430,0.0043
83.04,-126.21,-43.13,26.00,-113.54,74.59,93.38,59.04,0.4343,-0.3555,0.2836,0.5172,0.5367,0.4981,0.4430,0.0043
83.15,-126.21,-43.13,26.00,-113.54,74.59,93.38,59.04,0.4343,-0.3555,0.2836,0.5172,0.5367,0.4981,0.4430,0.0043
83.25,-126.21,-43.13,26.00,-113.54,74.59,93.38,59.04,0.4343,-0.3555,0.2836,0.5172,0.5367,0.4981,0.4430,0.0043
83.35,-126.21,-43.13,26.00,-113.54,74.59,93.38,59.04,0.4343,-0.3555,0.2836,0.5172,0.5367,0.4981,0.4430,0.0043
83.45,-126.21,-43.13,26.00,-113.54,74.59,93.38,59.04,0.4343,-0.3555,0.2836,0.5172,0.5367,0.4981,0.4430,0.0043
83.55,-126.21,-43.13,26.00,-113.54,74.59,93.38,59.04,0.4343,-0.3555,0.2836,0.5172,0.5367,0.4981,0.4430,0.0043
83.66,-126.21,-43.13,26.00,-113.54,74.59,93.38,59.04,0.4343,-0.3555,0.2836,0.5172,0.5367,0.4981,0.4430,0.0043
83.76,-126.21,-43.13,26.00,-113.54,74.59,93.38,59.04,0.4343,-0.3555,0.2836,0.5172,0.5367,0.4981,0.4430,0.0043
83.86,-126.21,-43.13,26.00,-113.54,74.59,93.38,59.04,0.4343,-0.3555,0.2836,0.5172,0.5367,0.4981,0.4430,0.0043
83.96,-126.21,-43.13,26.00,-113.54,74.59,93.38,59.04,0.4343,-0.3555,0.2836,0.5172,0.5367,0.4981,0.4430,0.0043
84.06,-126.21,-43.13,26.00,-113.54,74.59,93.38,59.04,0.4343,-0.3555,0.2836,0.5172,0.5367,0.4981,0.4430,0.0043
84.17,-126.21,-43.13,26.00,-113.54,74.59,93.38,59.04,0.4343,-0.3555,0.2836,0.5172,0.5367,0.4981,0.4430,0.0043
84.27,-126.21,-43.13,26.00,-113.54,74.59,93.38,59.04,0.4343,-0.3555,0.2836,0.5172,0.5367,0.4981,0.4430,0.0043
84.37,-126.21,-43.13,26.00,-113.54,74.59,93.38,59.04,0.4343,-0.3555,0.2836,0.5172,0.5367,0.4981,0.4430,0.0043
84.47,-126.21,-43.13,26.00,-113.54,74.59,93.38,59.04,0.4343,-0.3555,0.2836,0.5172,0.5367,0.4981,0.4430,0.0043
84.58,-126.21,-43.13,26.00,-113.54,74.59,93.38,59.04,0.4343,-0.3555,0.2836,0.5172,0.5367,0.4981,0.4430,0.0043
84.68,-126.21,-43.13,26.00,-113.54,74.59,93.38,59.04,0.4343,-0.3555,0.2836,0.5172,0.5367,0.4981,0.4430,0.0043
84.78,-126.21,-43.13,26.00,-113.54,74.59,93.38,59.04,0.4343,-0.3555,0.2836,0.5172,0.5367,0.4981,0.4430,0.0043
84.88,-126.21,-43.13,26.00,-113.54,74.59,93.38,59.04,0.4343,-0.3555,0.2836,0.5172,0.5367,0.4981,0.4430,0.0043
84.98,-126.21,-43.13,26.00,-113.54,74.59,93.38,59.04,0.4343,-0.3555,0.2836,0.5172,0.5367,0.4981,0.4430,0.0043
85.09,-126.21,-43.13,26.00,-113.54,74.59,93.38,59.04,0.4343,-0.3555,0.2836,0.5172,0.5367,0.4981,0.4430,0.0043
85.19,-126.21,-43.13,26.00,-113.54,74.59,93.38,59.04,0.4343,-0.3555,0.2836,0.5172,0.5367,0.4981,0.4430,0.0043
85.29,-126.21,-43.13,26.00,-113.54,74.59,93.38,59.04,0.4343,-0.3555,0.2836,0.5172,0.5367,0.4981,0.4430,0.0043
85.39,-126.21,-43.13,26.00,-113.54,74.59,93.38,59.04,0.4343,-0.3555,0.2836,0.5172,0.5367,0.4981,0.4430,0.0043
85.49,-126.21,-43.13,26.00,-113.54,74.59,93.38,59.04,0.4343,-0.3555,0.2836,0.5172,0.5367,0.4981,0.4430,0.0043
85.59,-126.21,-43.13,26.00,-113.54,74.59,93.38,59.04,0.4343,-0.3555,0.2836,0.5172,0.5367,0.4981,0.4430,0.0043
85.70,-126.21,-43.13,26.00,-113.54,74.59,93.38,59.04,0.4343,-0.3555,0.2836,0.5172,0.5367,0.4981,0.4430,0.0043
85.80,-126.21,-43.13,26.00,-113.54,74.59,93.38,59.04,0.4343,-0.3555,0.2836,0.5172,0.5367,0.4981,0.4430,0.0043
85.90,-126.21,-43.13,26.00,-113.54,74.59,93.38,59.04,0.4343,-0.3555,0.2836,0.5172,0.5367,0.4981,0.4430,0.0043
86.00,-126.21,-43.13,26.00,-113.54,74.59,93.38,59.04,0.4343,-0.3555,0.2836,0.5172,0.5367,0.4981,0.4430,0.0043
86.10,-126.21,-43.13,26.00,-113.54,74.59,93.38,59.04,0.4343,-0.3555,0.2836,0.5172,0.5367,0.4981,0.4430,0.0043
86.20,-126.21,-43.13,26.00,-113.54,74.59,93.38,59.04,0.4343,-0.3555,0.2836,0.5172,0.5367,0.4981,0.4430,0.0043
86.31,-126.21,-43.13,26.00,-113.54,74.59,93.38,59.04,0.4343,-0.3555,0.2836,0.5172,0.5367,0.4981,0.4430,0.0043
